Ticker,Name,Sector,Asset Class
CZR,CAESARS ENTERTAINMENT INC,Consumer Discretionary,Equity
NVAX,NOVAVAX INC,Health Care,Equity
PENN,PENN NATIONAL GAMING INC,Consumer Discretionary,Equity
PLUG,PLUG POWER INC,Industrials,Equity
DAR,DARLING INGREDIENTS INC,Consumer Staples,Equity
RH,RH,Consumer Discretionary,Equity
LAD,LITHIA MOTORS INC CLASS A,Consumer Discretionary,Equity
GME,GAMESTOP CORP CLASS A,Consumer Discretionary,Equity
BLDR,BUILDERS FIRSTSOURCE INC,Industrials,Equity
DECK,DECKERS OUTDOOR CORP,Consumer Discretionary,Equity
NTRA,NATERA INC,Health Care,Equity
RUN,SUNRUN INC,Industrials,Equity
CHDN,CHURCHILL DOWNS INC,Consumer Discretionary,Equity
CLF,CLEVELAND CLIFFS INC,Materials,Equity
SITE,SITEONE LANDSCAPE SUPPLY INC,Industrials,Equity
BRKS,BROOKS AUTOMATION INC,Information Technology,Equity
ARWR,ARROWHEAD PHARMACEUTICALS INC,Health Care,Equity
IIVI,II VI INC,Information Technology,Equity
LPX,LOUISIANA PACIFIC CORP,Materials,Equity
PFGC,PERFORMANCE FOOD GROUP,Consumer Staples,Equity
FRPT,FRESHPET INC,Consumer Staples,Equity
VAC,MARRIOTT VACATIONS WORLDWIDE CORP,Consumer Discretionary,Equity
BLD,TOPBUILD CORP,Consumer Discretionary,Equity
RARE,ULTRAGENYX PHARMACEUTICAL INC,Health Care,Equity
TTEK,TETRA TECH INC,Industrials,Equity
LSCC,LATTICE SEMICONDUCTOR CORP,Information Technology,Equity
YETI,YETI HOLDINGS INC,Consumer Discretionary,Equity
SF,STIFEL FINANCIAL CORP,Financials,Equity
FATE,FATE THERAPEUTICS INC,Health Care,Equity
RDFN,REDFIN CORP,Real Estate,Equity
MRTX,MIRATI THERAPEUTICS INC,Health Care,Equity
AA,ALCOA CORP,Materials,Equity
HALO,HALOZYME THERAPEUTICS INC,Health Care,Equity
TWST,TWIST BIOSCIENCE CORP,Health Care,Equity
LHCG,LHC GROUP INC,Health Care,Equity
FOXF,FOX FACTORY HOLDING CORP,Consumer Discretionary,Equity
TXRH,TEXAS ROADHOUSE INC,Consumer Discretionary,Equity
CROX,CROCS INC,Consumer Discretionary,Equity
EME,EMCOR GROUP INC,Industrials,Equity
SLAB,SILICON LABORATORIES INC,Information Technology,Equity
FFIN,FIRST FINANCIAL BANKSHARES INC,Financials,Equity
OVV,OVINTIV INC,Energy,Equity
INSP,INSPIRE MEDICAL SYSTEMS INC,Health Care,Equity
WMS,ADVANCED DRAINAGE SYSTEMS INC,Industrials,Equity
STAA,STAAR SURGICAL,Health Care,Equity
APPS,DIGITAL TURBINE INC,Information Technology,Equity
THC,TENET HEALTHCARE CORP,Health Care,Equity
HQY,HEALTHEQUITY INC,Health Care,Equity
PACB,PACIFIC BIOSCIENCES OF CALIFORNIA,Health Care,Equity
EGP,EASTGROUP PROPERTIES REIT INC,Real Estate,Equity
SAIA,SAIA INC,Industrials,Equity
BL,BLACKLINE INC,Information Technology,Equity
RXN,REXNORD CORP,Industrials,Equity
BJ,BJS WHOLESALE CLUB HOLDINGS INC,Consumer Staples,Equity
X,US STEEL CORP,Materials,Equity
OMCL,OMNICELL INC,Health Care,Equity
SSB,SOUTH STATE CORP,Financials,Equity
NVRO,NEVRO CORP,Health Care,Equity
ESNT,ESSENT GROUP LTD,Financials,Equity
GTLS,CHART INDUSTRIES INC,Industrials,Equity
MTZ,MASTEC INC,Industrials,Equity
GBCI,GLACIER BANCORP INC,Financials,Equity
STAG,STAG INDUSTRIAL REIT INC,Real Estate,Equity
KBR,KBR INC,Industrials,Equity
MMS,MAXIMUS INC,Information Technology,Equity
BEPC,BROOKFIELD RENEWABLE SUBORDINATE V,Utilities,Equity
VRNS,VARONIS SYSTEMS INC,Information Technology,Equity
VLY,VALLEY NATIONAL,Financials,Equity
BYD,BOYD GAMING CORP,Consumer Discretionary,Equity
NEO,NEOGENOMICS INC,Health Care,Equity
ASGN,ASGN INC,Industrials,Equity
QTWO,Q2 HOLDINGS INC,Information Technology,Equity
CCMP,CMC MATERIALS INC,Information Technology,Equity
BPMC,BLUEPRINT MEDICINES CORP,Health Care,Equity
AEO,AMERICAN EAGLE OUTFITTERS INC,Consumer Discretionary,Equity
TGTX,TG THERAPEUTICS INC,Health Care,Equity
BBIO,BRIDGEBIO PHARMA INC,Health Care,Equity
CIT,CIT GROUP INC,Financials,Equity
JCOM,J2 GLOBAL INC,Information Technology,Equity
WSC,WILLSCOT MOBILE MINI HOLDINGS CORP,Industrials,Equity
HELE,HELEN OF TROY LTD,Consumer Discretionary,Equity
SYNA,SYNAPTICS INC,Information Technology,Equity
NEOG,NEOGEN CORP,Health Care,Equity
UFPI,UFP INDUSTRIES INC,Industrials,Equity
SONO,SONOS INC,Consumer Discretionary,Equity
MSTR,MICROSTRATEGY INC CLASS A,Information Technology,Equity
ROLL,RBC BEARINGS INC,Industrials,Equity
EXPO,EXPONENT INC,Industrials,Equity
POWI,POWER INTEGRATIONS INC,Information Technology,Equity
SSD,SIMPSON MANUFACTURING INC,Industrials,Equity
UBSI,UNITED BANKSHARES INC,Financials,Equity
APPN,APPIAN CORP CLASS A,Information Technology,Equity
M,MACYS INC,Consumer Discretionary,Equity
RDN,RADIAN GROUP INC,Financials,Equity
NOVT,NOVANTA INC,Information Technology,Equity
SWAV,SHOCKWAVE MEDICAL INC,Health Care,Equity
ADNT,ADIENT PLC,Consumer Discretionary,Equity
NTLA,INTELLIA THERAPEUTICS INC,Health Care,Equity
CAR,AVIS BUDGET GROUP INC,Industrials,Equity
WING,WINGSTOP INC,Consumer Discretionary,Equity
MEDP,MEDPACE HOLDINGS INC,Health Care,Equity
UPWK,UPWORK INC,Industrials,Equity
AVNT,AVIENT CORP,Materials,Equity
IRDM,IRIDIUM COMMUNICATIONS INC,Communication,Equity
ENSG,ENSIGN GROUP INC,Health Care,Equity
JBT,JOHN BEAN TECHNOLOGIES CORP,Industrials,Equity
ACIW,ACI WORLDWIDE INC,Information Technology,Equity
SMTC,SEMTECH CORP,Information Technology,Equity
MGNI,MAGNITE INC,Consumer Discretionary,Equity
WCC,WESCO INTERNATIONAL INC,Industrials,Equity
BXMT,BLACKSTONE MORTGAGE TRUST REIT CLA,Financials,Equity
TGNA,TEGNA INC,Communication,Equity
HR,HEALTHCARE REALTY TRUST REIT INC,Real Estate,Equity
SAIL,SAILPOINT TECHNOLOGIES HOLDINGS IN,Information Technology,Equity
NVTA,INVITAE CORP,Health Care,Equity
ALRM,ALARM.COM HOLDINGS INC,Information Technology,Equity
POR,PORTLAND GENERAL ELECTRIC,Utilities,Equity
SIGI,SELECTIVE INSURANCE GROUP INC,Financials,Equity
RLI,RLI CORP,Financials,Equity
AEIS,ADVANCED ENERGY INDUSTRIES INC,Information Technology,Equity
RPD,RAPID7 INC,Information Technology,Equity
REZI,RESIDEO TECHNOLOGIES INC,Industrials,Equity
ADC,AGREE REALTY REIT CORP,Real Estate,Equity
KBH,KB HOME,Consumer Discretionary,Equity
IIPR,INNOVATIVE INDUSTRIAL PROPERTIES I,Real Estate,Equity
PNM,PNM RESOURCES INC,Utilities,Equity
HOMB,HOME BANCSHARES INC,Financials,Equity
TRNO,TERRENO REALTY REIT CORP,Real Estate,Equity
BKH,BLACK HILLS CORP,Utilities,Equity
CDLX,CARDLYTICS INC,Communication,Equity
AIMC,ALTRA INDUSTRIAL MOTION CORP,Industrials,Equity
LIVN,LIVANOVA PLC,Health Care,Equity
UMBF,UMB FINANCIAL CORP,Financials,Equity
GT,GOODYEAR TIRE & RUBBER,Consumer Discretionary,Equity
QTS,QTS REALTY REIT INC TRUST CLASS A,Real Estate,Equity
GKOS,GLAUKOS CORP,Health Care,Equity
TMHC,TAYLOR MORRISON HOME CORP,Consumer Discretionary,Equity
EYE,NATIONAL VISION HOLDINGS INC,Consumer Discretionary,Equity
OGS,ONE GAS INC,Utilities,Equity
HASI,HANNON ARMSTRONG SUSTAINABLE INFRA,Financials,Equity
SEM,SELECT MEDICAL HOLDINGS CORP,Health Care,Equity
AMC,AMC ENTERTAINMENT HOLDINGS INC CLA,Communication,Equity
SLQT,SELECTQUOTE INC,Financials,Equity
PRSP,PERSPECTA INC,Information Technology,Equity
ITRI,ITRON INC,Information Technology,Equity
BKU,BANKUNITED INC,Financials,Equity
BCPC,BALCHEM CORP,Materials,Equity
CDNA,CAREDX INC,Health Care,Equity
HWC,HANCOCK WHITNEY CORP,Financials,Equity
CHX,CHAMPIONX CORP,Energy,Equity
KOD,KODIAK SCIENCES INC,Health Care,Equity
DAN,DANA INCORPORATED INC,Consumer Discretionary,Equity
ENS,ENERSYS,Industrials,Equity
ARNA,ARENA PHARMACEUTICALS INC,Health Care,Equity
NJR,NEW JERSEY RESOURCES CORP,Utilities,Equity
DNLI,DENALI THERAPEUTICS INC,Health Care,Equity
CBU,COMMUNITY BANK SYSTEM INC,Financials,Equity
ENV,ENVESTNET INC,Information Technology,Equity
ABG,ASBURY AUTOMOTIVE GROUP INC.,Consumer Discretionary,Equity
PCH,POTLATCHDELTIC CORP,Real Estate,Equity
SWX,SOUTHWEST GAS HOLDINGS INC,Utilities,Equity
SHAK,SHAKE SHACK INC CLASS A,Consumer Discretionary,Equity
CBRL,CRACKER BARREL OLD COUNTRY STORE I,Consumer Discretionary,Equity
DOC,PHYSICIANS REALTY TRUST REIT,Real Estate,Equity
RHP,RYMAN HOSPITALITY PROPERTIES REIT,Real Estate,Equity
VIAV,VIAVI SOLUTIONS INC,Information Technology,Equity
WK,WORKIVA INC CLASS A,Information Technology,Equity
BCO,BRINKS,Industrials,Equity
HGV,HILTON GRAND VACATIONS INC,Consumer Discretionary,Equity
AMN,AMN HEALTHCARE INC,Health Care,Equity
LCII,LCI INDUSTRIES,Consumer Discretionary,Equity
SBRA,SABRA HEALTH CARE REIT INC,Real Estate,Equity
SR,SPIRE INC,Utilities,Equity
CRNC,CERENCE INC,Information Technology,Equity
FELE,FRANKLIN ELECTRIC INC,Industrials,Equity
HI,HILLENBRAND INC,Industrials,Equity
PDCE,PDC ENERGY INC,Energy,Equity
FORM,FORMFACTOR INC,Information Technology,Equity
NUVA,NUVASIVE INC,Health Care,Equity
CNMD,CONMED CORP,Health Care,Equity
KFY,KORN FERRY,Industrials,Equity
MUSA,MURPHY USA INC,Consumer Discretionary,Equity
AIT,APPLIED INDUSTRIAL TECHNOLOGIES IN,Industrials,Equity
LGIH,LGI HOMES INC,Consumer Discretionary,Equity
EGHT,8X8 INC - COM,Information Technology,Equity
BLKB,BLACKBAUD INC,Information Technology,Equity
STMP,STAMPS.COM INC,Consumer Discretionary,Equity
SPSC,SPS COMMERCE INC,Information Technology,Equity
KNSL,KINSALE CAPITAL GROUP INC,Financials,Equity
INSM,INSMED INC,Health Care,Equity
BHVN,BIOHAVEN PHARMACEUTICAL HOLDING CO,Health Care,Equity
ATKR,ATKORE INC,Industrials,Equity
ALE,ALLETE INC,Utilities,Equity
PPBI,PACFIC PREMIER BANCORP INC,Financials,Equity
HLI,HOULIHAN LOKEY INC CLASS A,Financials,Equity
MTH,MERITAGE CORP,Consumer Discretionary,Equity
QLYS,QUALYS INC,Information Technology,Equity
NSTG,NANOSTRING TECHNOLOGIES INC,Health Care,Equity
NSIT,INSIGHT ENTERPRISES INC,Information Technology,Equity
ROG,ROGERS CORP,Information Technology,Equity
LPSN,LIVEPERSON INC,Information Technology,Equity
FUL,HB FULLER,Materials,Equity
SXT,SENSIENT TECHNOLOGIES CORP,Materials,Equity
CMC,COMMERCIAL METALS,Materials,Equity
ABM,ABM INDUSTRIES INC,Industrials,Equity
EBC,EASTERN BANKSHARES INC,Financials,Equity
ONEM,1LIFE HEALTHCARE INC,Health Care,Equity
AMBA,AMBARELLA INC,Information Technology,Equity
CNO,CNO FINANCIAL GROUP INC,Financials,Equity
LANC,LANCASTER COLONY CORP,Consumer Staples,Equity
SAVE,SPIRIT AIRLINES INC,Industrials,Equity
MDC,MDC HOLDINGS INC,Consumer Discretionary,Equity
WDFC,WD-40,Consumer Staples,Equity
VC,VISTEON CORP,Consumer Discretionary,Equity
MMSI,MERIT MEDICAL SYSTEMS INC,Health Care,Equity
CLNY,COLONY CAPITAL INC CLASS A,Real Estate,Equity
AJRD,AEROJET ROCKETDYNE HOLDINGS INC,Industrials,Equity
DIOD,DIODES INC,Information Technology,Equity
KMT,KENNAMETAL INC,Industrials,Equity
TCBI,TEXAS CAPITAL BANCSHARES INC,Financials,Equity
VSH,VISHAY INTERTECHNOLOGY INC,Information Technology,Equity
CNNE,CANNAE HOLDINGS INC,Financials,Equity
ABCB,AMERIS BANCORP,Financials,Equity
WTS,WATTS WATER TECHNOLOGIES INC CLASS,Industrials,Equity
ISBC,INVESTORS BANCORP INC,Financials,Equity
GATX,GATX CORP,Industrials,Equity
AQUA,EVOQUA WATER TECHNOLOGIES CORP,Industrials,Equity
WWW,WOLVERINE WORLD WIDE INC,Consumer Discretionary,Equity
KTB,KONTOOR BRANDS INC,Consumer Discretionary,Equity
VCYT,VERACYTE INC,Health Care,Equity
TRTN,TRITON INTERNATIONAL LTD,Industrials,Equity
FN,FABRINET,Information Technology,Equity
UNF,UNIFIRST CORP,Industrials,Equity
SGMS,SCIENTIFIC GAMES CORP,Consumer Discretionary,Equity
HL,HECLA MINING,Materials,Equity
NWE,NORTHWESTERN CORP,Utilities,Equity
PRG,PROG HOLDINGS INC,Financials,Equity
CMD,CANTEL MEDICAL CORP,Health Care,Equity
SHOO,STEVEN MADDEN LTD,Consumer Discretionary,Equity
LXP,LEXINGTON REALTY TRUST REIT,Real Estate,Equity
KTOS,KRATOS DEFENSE AND SECURITY SOLUTI,Industrials,Equity
BEAM,BEAM THERAPEUTICS INC,Health Care,Equity
TEX,TEREX CORP,Industrials,Equity
ORA,ORMAT TECH INC,Utilities,Equity
RAMP,LIVERAMP HOLDINGS INC,Information Technology,Equity
SIG,SIGNET JEWELERS LTD,Consumer Discretionary,Equity
FCEL,FUELCELL ENERGY INC,Industrials,Equity
ONTO,ONTO INNOVATION INC,Information Technology,Equity
SAFM,SANDERSON FARMS INC,Consumer Staples,Equity
FLR,FLUOR CORP,Industrials,Equity
SUM,SUMMIT MATERIALS INC CLASS A,Materials,Equity
TNET,TRINET GROUP INCINARY,Industrials,Equity
KWR,QUAKER CHEMICAL CORP,Materials,Equity
CWST,CASELLA WASTE SYSTEMS INC CLASS A,Industrials,Equity
PEB,PEBBLEBROOK HOTEL TRUST REIT,Real Estate,Equity
VG,VONAGE HOLDINGS CORP,Communication,Equity
CVET,COVETRUS INC,Health Care,Equity
BBBY,BED BATH AND BEYOND INC,Consumer Discretionary,Equity
PSB,PS BUSINESS PARKS REIT INC,Real Estate,Equity
VRNT,VERINT SYSTEMS INC,Information Technology,Equity
NHI,NATIONAL HEALTH INVESTORS REIT INC,Real Estate,Equity
BOX,BOX INC CLASS A,Information Technology,Equity
NSP,INSPERITY INC,Industrials,Equity
NGVT,INGEVITY CORP,Materials,Equity
PZZA,PAPA JOHNS INTERNATIONAL INC,Consumer Discretionary,Equity
DOOR,MASONITE INTERNATIONAL CORP,Industrials,Equity
SFBS,SERVISFIRST BANCSHARES INC,Financials,Equity
CNX,CNX RESOURCES CORP,Energy,Equity
ITGR,INTEGER HOLDINGS CORP,Health Care,Equity
WD,WALKER & DUNLOP INC,Financials,Equity
AVA,AVISTA CORP,Utilities,Equity
IRBT,IROBOT CORP,Consumer Discretionary,Equity
ALGT,ALLEGIANT TRAVEL,Industrials,Equity
SNBR,SLEEP NUMBER CORP,Consumer Discretionary,Equity
PRLB,PROTO LABS INC,Industrials,Equity
CATY,CATHAY GENERAL BANCORP,Financials,Equity
ROCK,GIBRALTAR INDUSTRIES INC,Industrials,Equity
BECN,BEACON ROOFING SUPPLY INC,Industrials,Equity
EXLS,EXLSERVICE HOLDINGS INC,Information Technology,Equity
EAT,BRINKER INTERNATIONAL INC,Consumer Discretionary,Equity
ACA,ARCOSA INC,Industrials,Equity
ESGR,ENSTAR GROUP LTD,Financials,Equity
ATRC,ATRICURE INC,Health Care,Equity
TPH,TRI POINTE HOMES INC,Consumer Discretionary,Equity
AUB,ATLANTIC UNION BANKSHARES CORP,Financials,Equity
ATI,ALLEGHENY TECHNOLOGIES INC,Materials,Equity
HLNE,HAMILTON LANE INC CLASS A,Financials,Equity
MC,MOELIS CLASS A,Financials,Equity
OSTK,OVERSTOCK COM INC,Consumer Discretionary,Equity
IBP,INSTALLED BUILDING PRODUCTS INC,Consumer Discretionary,Equity
ALLK,ALLAKOS INC,Health Care,Equity
ARNC,ARCONIC CORP,Materials,Equity
APAM,ARTISAN PARTNERS ASSET MANAGEMENT,Financials,Equity
FCFS,FIRSTCASH INC,Financials,Equity
NAVI,NAVIENT CORP,Financials,Equity
RCM,R1 RCM INC,Health Care,Equity
MTSI,MACOM TECHNOLOGY SOLUTIONS INC,Information Technology,Equity
APG,API GROUP CORP,Industrials,Equity
COLB,COLUMBIA BANKING SYSTEM INC,Financials,Equity
DY,DYCOM INDUSTRIES INC,Industrials,Equity
ALTR,ALTAIR ENGINEERING INC CLASS A,Information Technology,Equity
GPI,GROUP AUTOMOTIVE INC,Consumer Discretionary,Equity
SMPL,THE SIMPLY GOOD FOODS COMPANY,Consumer Staples,Equity
WBT,WELBILT INC,Industrials,Equity
TPTX,TURNING POINT THERAPEUTICS INC,Health Care,Equity
FLOW,SPX FLOW INC,Industrials,Equity
BXS,BANCORPSOUTH,Financials,Equity
CWT,CALIFORNIA WATER SERVICE GROUP,Utilities,Equity
CVLT,COMMVAULT SYSTEMS INC,Information Technology,Equity
ONB,OLD NATIONAL BANCORP,Financials,Equity
FIX,COMFORT SYSTEMS USA INC,Industrials,Equity
YELP,YELP INC,Communication,Equity
MAXR,MAXAR TECHNOLOGIES INC,Industrials,Equity
CCOI,COGENT COMMUNICATIONS HOLDINGS INC,Communication,Equity
CTB,COOPER TIRE AND RUBBER,Consumer Discretionary,Equity
RCII,RENT-A-CENTER INC,Consumer Discretionary,Equity
AWR,AMERICAN STATES WATER,Utilities,Equity
VCEL,VERICEL CORP,Health Care,Equity
MATX,MATSON INC,Industrials,Equity
SWN,SOUTHWESTERN ENERGY,Energy,Equity
AEL,AMERICAN EQUITY INVESTMENT LIFE HO,Financials,Equity
SHO,SUNSTONE HOTEL INVESTORS REIT INC,Real Estate,Equity
ESE,ESCO TECHNOLOGIES INC,Industrials,Equity
SFNC,SIMMONS FIRST NATIONAL CORP CLASS,Financials,Equity
FHI,FEDERATED HERMES INC CLASS B,Financials,Equity
MTDR,MATADOR RESOURCES,Energy,Equity
EBS,EMERGENT BIOSOLUTIONS INC,Health Care,Equity
SCL,STEPAN,Materials,Equity
AAON,AAON INC,Industrials,Equity
TENB,TENABLE HOLDINGS INC,Information Technology,Equity
IBTX,INDEPENDENT BANK GROUP INC,Financials,Equity
PDCO,PATTERSON COMPANIES INC,Health Care,Equity
ELY,CALLAWAY GOLF,Consumer Discretionary,Equity
NSA,NATIONAL STORAGE AFFILIATES TRUST,Real Estate,Equity
SFIX,STITCH FIX INC CLASS A,Consumer Discretionary,Equity
AIN,ALBANY INTERNATIONAL CORP CLASS A,Industrials,Equity
CSOD,CORNERSTONE ONDEMAND INC,Information Technology,Equity
LTHM,LIVENT CORP,Materials,Equity
BMI,BADGER METER INC,Information Technology,Equity
DDD,3D SYSTEMS CORP,Information Technology,Equity
CVBF,CVB FINANCIAL CORP,Financials,Equity
CLDR,CLOUDERA INC,Information Technology,Equity
APLS,APELLIS PHARMACEUTICALS INC,Health Care,Equity
FULT,FULTON FINANCIAL CORP,Financials,Equity
SEAS,SEAWORLD ENTERTAINMENT INC,Consumer Discretionary,Equity
EPRT,ESSENTIAL PROPERTIES REALTY TRUST,Real Estate,Equity
JACK,JACK IN THE BOX INC,Consumer Discretionary,Equity
PCRX,PACIRA BIOSCIENCES INC,Health Care,Equity
PTCT,PTC THERAPEUTICS INC,Health Care,Equity
WERN,WERNER ENTERPRISES INC,Industrials,Equity
BCC,BOISE CASCADE,Industrials,Equity
OMI,OWENS & MINOR INC,Health Care,Equity
DORM,DORMAN PRODUCTS INC,Consumer Discretionary,Equity
SPXC,SPX CORP,Industrials,Equity
INDB,INDEPENDENT BANK CORP,Financials,Equity
MGEE,MGE ENERGY INC,Utilities,Equity
SANM,SANMINA CORP,Information Technology,Equity
PLXS,PLEXUS CORP,Information Technology,Equity
VIR,VIR BIOTECHNOLOGY INC,Health Care,Equity
MTX,MINERALS TECHNOLOGIES INC,Materials,Equity
PRMW,PRIMO WATER CORP,Consumer Staples,Equity
MXL,MAXLINEAR INC,Information Technology,Equity
HRI,HERC HOLDINGS INC,Industrials,Equity
FOLD,AMICUS THERAPEUTICS INC,Health Care,Equity
RLJ,RLJ LODGING TRUST REIT,Real Estate,Equity
EDIT,EDITAS MEDICINE INC,Health Care,Equity
URBN,URBAN OUTFITTERS INC,Consumer Discretionary,Equity
BRC,BRADY NONVOTING CORP CLASS A,Industrials,Equity
MIME,MIMECAST LTD,Information Technology,Equity
FBP,FIRST BANCORP,Financials,Equity
AX,AXOS FINANCIAL INC,Financials,Equity
WGO,WINNEBAGO INDUSTRIES INC,Consumer Discretionary,Equity
FRME,FIRST MERCHANTS CORP,Financials,Equity
COOP,MR COOPER GROUP INC,Financials,Equity
BIG,BIG LOTS INC,Consumer Discretionary,Equity
BAND,BANDWIDTH INC CLASS A,Communication,Equity
AVYA,AVAYA HOLDINGS CORP,Information Technology,Equity
IBOC,INTERNATIONAL BANCSHARES CORP,Financials,Equity
MED,MEDIFAST INC,Consumer Staples,Equity
TRUP,TRUPANION INC,Financials,Equity
RRR,RED ROCK RESORTS ORS CLASS A INC,Consumer Discretionary,Equity
MLI,MUELLER INDUSTRIES INC,Industrials,Equity
RPAI,RETAIL PROPERTIES OF AMERICA REIT,Real Estate,Equity
REGI,RENEWABLE ENERGY INC,Energy,Equity
CIM,CHIMERA INVESTMENT CORP,Financials,Equity
BLMN,BLOOMIN BRANDS INC,Consumer Discretionary,Equity
ARVN,ARVINAS INC,Health Care,Equity
SJI,S JERSEY INDS INC,Utilities,Equity
CAKE,CHEESECAKE FACTORY INC,Consumer Discretionary,Equity
CADE,CADENCE BANCORPORATION CLASS A,Financials,Equity
FSS,FEDERAL SIGNAL CORP,Industrials,Equity
THRM,GENTHERM INC,Consumer Discretionary,Equity
PFSI,PENNYMAC FINANCIAL SERVICES INC,Financials,Equity
KW,KENNEDY WILSON HOLDINGS INC,Real Estate,Equity
SKYW,SKYWEST INC,Industrials,Equity
MDRX,ALLSCRIPTS HEALTHCARE SOLUTIONS IN,Health Care,Equity
XNCR,XENCOR INC,Health Care,Equity
WAFD,WASHINGTON FEDERAL INC,Financials,Equity
OI,O I GLASS INC,Materials,Equity
AR,ANTERO RESOURCES CORP,Energy,Equity
BE,BLOOM ENERGY CLASS A CORP,Industrials,Equity
EVTC,EVERTEC INC,Information Technology,Equity
MOGA,MOOG INC CLASS A,Industrials,Equity
MLHR,HERMAN MILLER INC,Industrials,Equity
TSE,TRINSEO,Materials,Equity
ANF,ABERCROMBIE AND FITCH CLASS A,Consumer Discretionary,Equity
APPF,APPFOLIO INC CLASS A,Information Technology,Equity
AVAV,AEROVIRONMENT INC,Industrials,Equity
WSBC,WESBANCO INC,Financials,Equity
FWRD,FORWARD AIR CORP,Industrials,Equity
B,BARNES GROUP INC,Industrials,Equity
CUB,CUBIC CORP,Industrials,Equity
JJSF,J AND J SNACK FOODS CORP,Consumer Staples,Equity
FMBI,FIRST MIDWEST BANCORP INC,Financials,Equity
CWEN,CLEARWAY ENERGY INC CLASS C,Utilities,Equity
IOSP,INNOSPEC INC,Materials,Equity
SKY,SKYLINE CHAMPION CORP,Consumer Discretionary,Equity
CMP,COMPASS MINERALS INTERNATIONAL INC,Materials,Equity
UCBI,UNITED COMMUNITY BANKS INC,Financials,Equity
CDE,COEUR MINING INC,Materials,Equity
MNRO,MONRO INC,Consumer Discretionary,Equity
CORT,CORCEPT THERAPEUTICS INC,Health Care,Equity
WSFS,WSFS FINANCIAL CORP,Financials,Equity
HCSG,HEALTHCARE SERVICES INC,Industrials,Equity
GDOT,GREEN DOT CORP CLASS A,Financials,Equity
IRTC,IRHYTHM TECHNOLOGIES INC,Health Care,Equity
SDGR,SCHRODINGER INC,Health Care,Equity
CNK,CINEMARK HOLDINGS INC,Communication,Equity
SHEN,SHENANDOAH TELECOMMUNICATIONS,Communication,Equity
WOR,WORTHINGTON INDUSTRIES INC,Materials,Equity
BIPC,BROOKFIELD INFRASTRUCTURE CORP CLA,Utilities,Equity
AHCO,ADAPTHEALTH CORP CLASS A,Health Care,Equity
CTRE,CARETRUST REIT INC,Real Estate,Equity
TROX,TRONOX HOLDINGS PLC,Materials,Equity
CCXI,CHEMOCENTRYX INC,Health Care,Equity
MWA,MUELLER WATER PRODUCTS INC SERIES,Industrials,Equity
FFBC,FIRST FINANCIAL BANCORP,Financials,Equity
XPER,XPERI HOLDING CORP,Information Technology,Equity
SVMK,SVMK INC,Information Technology,Equity
SBH,SALLY BEAUTY HOLDINGS INC,Consumer Discretionary,Equity
SITC,SITE CENTERS CORP,Real Estate,Equity
MGLN,MAGELLAN HEALTH INC,Health Care,Equity
ITCI,INTRA CELLULAR THERAPIES INC,Health Care,Equity
MANT,MANTECH INTERNATIONAL CORP CLASS A,Industrials,Equity
PDM,PIEDMONT OFFICE REALTY TRUST REIT,Real Estate,Equity
MYGN,MYRIAD GENETICS INC,Health Care,Equity
CALX,CALIX NETWORKS INC,Information Technology,Equity
HLIO,HELIOS TECHNOLOGIES INC,Industrials,Equity
FBC,FLAGSTAR BANCORP INC,Financials,Equity
GNW,GENWORTH FINANCIAL A INC,Financials,Equity
CELH,CELSIUS HOLDINGS INC,Consumer Staples,Equity
SI,SILVERGATE CAPITAL CLASS A CORP,Financials,Equity
NAV,NAVISTAR INTERNATIONAL CORP,Industrials,Equity
NG,NOVAGOLD RESOURCES INC,Materials,Equity
RMBS,RAMBUS INC,Information Technology,Equity
UFS,DOMTAR CORP,Materials,Equity
RRC,RANGE RESOURCES CORP,Energy,Equity
EPAY,BOTTOMLINE TECHNOLOGIES INC,Information Technology,Equity
XHR,XENIA HOTELS RESORTS REIT INC,Real Estate,Equity
RNST,RENASANT CORP,Financials,Equity
NOVA,SUNNOVA ENERGY INTERNATIONAL INC,Utilities,Equity
IDCC,INTERDIGITAL INC,Information Technology,Equity
UCTT,ULTRA CLEAN HOLDINGS INC,Information Technology,Equity
HTH,HILLTOP HOLDINGS INC,Financials,Equity
UNIT,UNITI GROUP INC,Real Estate,Equity
BCRX,BIOCRYST PHARMACEUTICALS INC,Health Care,Equity
INOV,INOVALON HOLDINGS INC CLASS A,Health Care,Equity
CARG,CARGURUS INC CLASS A,Communication,Equity
CYRX,CRYOPORT INC,Health Care,Equity
PATK,PATRICK INDUSTRIES INC,Consumer Discretionary,Equity
PBH,PRESTIGE CONSUMER HEALTHCARE INC,Health Care,Equity
LILAK,LIBERTY LATIN AMERICA LTD CLASS C,Communication,Equity
UE,URBAN EDGE PROPERTIES,Real Estate,Equity
SRNE,SORRENTO THERAPEUTICS INC,Health Care,Equity
TWO,TWO HARBORS INVESTMENT REIT CORP,Financials,Equity
AVNS,AVANOS MEDICAL INC,Health Care,Equity
INT,WORLD FUEL SERVICES CORP,Energy,Equity
HUBG,HUB GROUP INC CLASS A,Industrials,Equity
ARI,APOLLO COMMERCIAL REAL ESTATE FINA,Financials,Equity
SPWR,SUNPOWER CORP,Information Technology,Equity
SASR,SANDY SPRING BANCORP INC,Financials,Equity
TRMK,TRUSTMARK CORP,Financials,Equity
LGND,LIGAND PHARMACEUTICALS INC,Health Care,Equity
AMKR,AMKOR TECHNOLOGY INC,Information Technology,Equity
JELD,JELD WEN HOLDING INC,Industrials,Equity
DRH,DIAMONDROCK HOSPITALITY REIT,Real Estate,Equity
NMIH,NMI HOLDINGS INC CLASS A,Financials,Equity
FCPT,FOUR CORNERS PROPERTY INC TRUST,Real Estate,Equity
ODP,ODP CORP,Consumer Discretionary,Equity
MAC,MACERICH REIT,Real Estate,Equity
PIPR,PIPER SANDLER COMPANIES,Financials,Equity
TOWN,TOWNEBANK,Financials,Equity
PLAY,DAVE AND BUSTERS ENTERTAINMENT INC,Consumer Discretionary,Equity
CXP,COLUMBIA PROPERTY REIT INC TRUST,Real Estate,Equity
PRFT,PERFICIENT INC,Information Technology,Equity
KAI,KADANT INC,Industrials,Equity
BOOT,BOOT BARN HOLDINGS INC,Consumer Discretionary,Equity
SM,SM ENERGY,Energy,Equity
ABR,ARBOR REALTY TRUST REIT INC,Financials,Equity
EPC,EDGEWELL PERSONAL CARE,Consumer Staples,Equity
CENTA,CENTRAL GARDEN AND PET CLASS A,Consumer Staples,Equity
RUSHA,RUSH ENTERPRISES INC CLASS A,Industrials,Equity
SVC,SERVICE PROPERTIES TRUST,Real Estate,Equity
TBK,TRIUMPH BANCORP INC,Financials,Equity
MTOR,MERITOR INC,Industrials,Equity
USD,USD CASH,Cash and/or Derivatives,Cash
NTB,BANK OF NT BUTTERFIELD & SON LTD,Financials,Equity
CRS,CARPENTER TECHNOLOGY CORP,Materials,Equity
LZB,LA-Z-BOY INC,Consumer Discretionary,Equity
VRTS,VIRTUS INVESTMENT PARTNERS INC,Financials,Equity
CPK,CHESAPEAKE UTILITIES CORP,Utilities,Equity
STRA,STRATEGIC EDUCATION INC,Consumer Discretionary,Equity
ROIC,RETAIL OPPORTUNITY INVESTMENTS REI,Real Estate,Equity
MGRC,MCGRATH RENT,Industrials,Equity
RIG,TRANSOCEAN LTD,Energy,Equity
DRNA,DICERNA PHARMACEUTICALS INC,Health Care,Equity
SPT,SPROUT SOCIAL INC CLASS A,Information Technology,Equity
PRGS,PROGRESS SOFTWARE CORP,Information Technology,Equity
UNFI,UNITED NATURAL FOODS INC,Consumer Staples,Equity
MFA,MFA FINANCIAL REIT INC,Financials,Equity
BDC,BELDEN INC,Information Technology,Equity
KAR,KAR AUCTION SERVICES INC,Industrials,Equity
COHU,COHU INC,Information Technology,Equity
CVCO,CAVCO INDUSTRIES INC,Consumer Discretionary,Equity
KALU,KAISER ALUMINIUM CORP,Materials,Equity
PMT,PENNYMAC MORTGAGE INVESTMENT TRUST,Financials,Equity
WRE,WASHINGTON REAL ESTATE INVESTMENT,Real Estate,Equity
MD,MEDNAX INC,Health Care,Equity
SSTK,SHUTTERSTOCK INC,Consumer Discretionary,Equity
PSMT,PRICESMART INC,Consumer Staples,Equity
MGNX,MACROGENICS INC,Health Care,Equity
TWNK,HOSTESS BRANDS INC CLASS A,Consumer Staples,Equity
FIBK,FIRST INTERSTATE BANCSYSTEM INC CL,Financials,Equity
CCS,CENTURY COMMUNITIES INC,Consumer Discretionary,Equity
HCAT,HEALTH CATALYST INC,Health Care,Equity
NTCT,NETSCOUT SYSTEMS INC,Information Technology,Equity
LOB,LIVE OAK BANCSHARES INC,Financials,Equity
CORE,CORE MARK HOLDING INC,Consumer Discretionary,Equity
AXNX,AXONICS INC,Health Care,Equity
OTTR,OTTER TAIL CORP,Utilities,Equity
ALLO,ALLOGENE THERAPEUTICS INC,Health Care,Equity
VSTO,VISTA OUTDOOR INC,Consumer Discretionary,Equity
SWTX,SPRINGWORKS THERAPEUTICS INC,Health Care,Equity
RVNC,REVANCE THERAPEUTICS INC,Health Care,Equity
VGR,VECTOR GROUP LTD,Consumer Staples,Equity
KN,KNOWLES CORP,Information Technology,Equity
NARI,INARI MEDICAL INC,Health Care,Equity
CSWI,CSW INDUSTRIALS INC,Industrials,Equity
FGEN,FIBROGEN INC,Health Care,Equity
PRK,PARK NATIONAL CORP,Financials,Equity
ATGE,ADTALEM GLOBAL EDUCATION INC,Consumer Discretionary,Equity
TTEC,TTEC HOLDINGS INC,Information Technology,Equity
MHO,M I HOMES INC,Consumer Discretionary,Equity
SBCF,SEACOAST BANKING OF FLORIDA,Financials,Equity
LNN,LINDSAY CORP,Industrials,Equity
GRWG,GROWGENERATION CORP,Consumer Discretionary,Equity
DCPH,DECIPHERA PHARMACEUTICALS INC,Health Care,Equity
PRO,PROS HOLDINGS INC,Information Technology,Equity
BGS,B AND G FOODS INC,Consumer Staples,Equity
GLUU,GLU MOBILE INC,Communication,Equity
VRRM,VERRA MOBILITY CORP CLASS A,Information Technology,Equity
CWK,CUSHMAN AND WAKEFIELD PLC,Real Estate,Equity
EHTH,EHEALTH INC,Financials,Equity
IGT,INTERNATIONAL GAME TECHNOLOGY PLC,Consumer Discretionary,Equity
DLX,DELUXE CORP,Industrials,Equity
ARCB,ARCBEST CORP,Industrials,Equity
TTGT,TECHTARGET INC,Communication,Equity
HOME,AT HOME GROUP INC,Consumer Discretionary,Equity
GVA,GRANITE CONSTRUCTION INC,Industrials,Equity
GMS,GMS INC,Industrials,Equity
AKR,ACADIA REALTY TRUST REIT,Real Estate,Equity
EXPI,EXP WORLD HOLDINGS INC,Real Estate,Equity
FOCS,FOCUS FINANCIAL PARTNERS INC CLASS,Financials,Equity
HTLF,HEARTLAND FINANCIAL USA INC,Financials,Equity
VICR,VICOR CORP,Industrials,Equity
IRWD,IRONWOOD PHARMA INC CLASS A,Health Care,Equity
AAWW,ATLAS AIR WORLDWIDE HOLDINGS INC,Industrials,Equity
DOMO,DOMO INC CLASS B,Information Technology,Equity
PJT,PJT PARTNERS INC CLASS A,Financials,Equity
PHR,PHREESIA INC,Health Care,Equity
CYTK,CYTOKINETICS INC,Health Care,Equity
KRTX,KARUNA THERAPEUTICS INC,Health Care,Equity
NPO,ENPRO INDUSTRIES INC,Industrials,Equity
BGCP,BGC PARTNERS INC CLASS A,Financials,Equity
OSIS,OSI SYSTEMS INC,Information Technology,Equity
ZUO,ZUORA INC CLASS A,Information Technology,Equity
RCKT,ROCKET PHARMACEUTICALS INC,Health Care,Equity
RLGY,REALOGY HOLDINGS CORP,Real Estate,Equity
KRG,KITE REALTY GROUP TRUST REIT,Real Estate,Equity
TPIC,TPI COMPOSITES INC,Industrials,Equity
ASTE,ASTEC INDUSTRIES INC,Industrials,Equity
OCDX,ORTHO CLINICAL DIAGNOSTICS HOLDING,Health Care,Equity
AAT,AMERICAN ASSETS TRUST REIT INC,Real Estate,Equity
MBUU,MALIBU BOATS CLASS A INC,Consumer Discretionary,Equity
MODV,MODIVCARE INC,Health Care,Equity
AMWD,AMERICAN WOODMARK CORP,Industrials,Equity
GTN,GRAY TELEVISION INC,Communication,Equity
DEA,EASTERLY GOVERNMENT PROPERTIES INC,Real Estate,Equity
KURA,KURA ONCOLOGY INC,Health Care,Equity
NYMT,NEW YORK MORTGAGE TRUST REIT INC,Financials,Equity
SILK,SILK ROAD MEDICAL INC,Health Care,Equity
MNR,MONMOUTH REAL ESTATE INVESTMENT RE,Real Estate,Equity
GWB,GREAT WESTERN BANCORP INC,Financials,Equity
HNI,HNI CORP,Industrials,Equity
CGNT,COGNYTE SOFTWARE LTD,Information Technology,Equity
SJW,SJW GROUP,Utilities,Equity
CMPR,CIMPRESS PLC,Industrials,Equity
CFFN,CAPITOL FEDERAL FINANCIAL INC,Financials,Equity
PFS,PROVIDENT FINANCIAL SERVICES INC,Financials,Equity
GNL,GLOBAL NET LEASE INC,Real Estate,Equity
ARGO,ARGO GROUP INTERNATIONAL HOLDINGS,Financials,Equity
IRT,INDEPENDENCE REALTY INC TRUST,Real Estate,Equity
ZNTL,ZENTALIS PHARMACEUTICALS INC,Health Care,Equity
BANR,BANNER CORP,Financials,Equity
PRAA,PRA GROUP INC,Financials,Equity
EGBN,EAGLE BANCORP INC,Financials,Equity
SYKE,SYKES ENTERPRISES INC,Information Technology,Equity
CBZ,CBIZ INC,Industrials,Equity
AXSM,AXSOME THERAPEUTICS INC,Health Care,Equity
SKT,TANGER FACTORY OUTLET CENTERS REIT,Real Estate,Equity
ICFI,ICF INTERNATIONAL INC,Industrials,Equity
CNS,COHEN & STEERS INC,Financials,Equity
MEI,METHODE ELECTRONICS INC,Information Technology,Equity
HOPE,HOPE BANCORP INC,Financials,Equity
AMRS,AMYRIS INC,Materials,Equity
OPK,OPKO HEALTH INC,Health Care,Equity
SMCI,SUPER MICRO COMPUTER INC,Information Technology,Equity
OPCH,OPTION CARE HEALTH INC,Health Care,Equity
LKFN,LAKELAND FINANCIAL CORP,Financials,Equity
EVH,EVOLENT HEALTH INC CLASS A,Health Care,Equity
NWN,NORTHWEST NATURAL HOLDING COMPANY,Utilities,Equity
HRTX,HERON THERAPEUTICS INC,Health Care,Equity
ADUS,ADDUS HOMECARE CORP,Health Care,Equity
CVA,COVANTA HOLDING CORP,Industrials,Equity
REAL,THE REALREAL INC,Consumer Discretionary,Equity
LTC,LTC PROPERTIES REIT INC,Real Estate,Equity
WABC,WESTAMERICA BANCORPORATION,Financials,Equity
ICHR,ICHOR HOLDINGS LTD,Information Technology,Equity
QTRX,QUANTERIX CORP,Health Care,Equity
PRIM,PRIMORIS SERVICES CORP,Industrials,Equity
TBIO,TRANSLATE BIO INC,Health Care,Equity
CSII,CARDIOVASCULAR SYSTEMS INC,Health Care,Equity
INFN,INFINERA CORP,Information Technology,Equity
GBX,GREENBRIER INC,Industrials,Equity
NMRK,NEWMARK GROUP INC CLASS A,Real Estate,Equity
PBI,PITNEY BOWES INC,Industrials,Equity
ACCD,ACCOLADE INC,Health Care,Equity
HMN,HORACE MANN EDUCATORS CORP,Financials,Equity
PGNY,PROGYNY INC,Health Care,Equity
GEF,GREIF INC CLASS A,Materials,Equity
LNTH,LANTHEUS HOLDINGS INC,Health Care,Equity
XTSLA,BLK CSH FND TREASURY SL AGENCY,Cash and/or Derivatives,Money Market
PAR,PAR TECHNOLOGY CORP,Information Technology,Equity
ATSG,AIR TRANSPORT SERVICES GROUP INC,Industrials,Equity
RPAY,REPAY HOLDINGS CORP CLASS A,Information Technology,Equity
ILPT,INDUSTRIAL LOGISTICS PROPERTIES TR,Real Estate,Equity
LMNX,LUMINEX CORP,Health Care,Equity
FARO,FARO TECHNOLOGIES INC,Information Technology,Equity
RLAY,RELAY THERAPEUTICS INC,Health Care,Equity
ALG,ALAMO GROUP INC,Industrials,Equity
STC,STEWART INFO SERVICES CORP,Financials,Equity
GBIO,GENERATION BIO,Health Care,Equity
NBTB,NBT BANCORP INC,Financials,Equity
SAVA,CASSAVA SCIENCES INC,Health Care,Equity
EPAC,ENERPAC TOOL GROUP CORP CLASS A,Industrials,Equity
WDR,WADDELL AND REED FINANCIAL INC CLA,Financials,Equity
IMGN,IMMUNOGEN INC,Health Care,Equity
CASH,META FINANCIAL GROUP INC,Financials,Equity
WIRE,ENCORE WIRE CORP,Industrials,Equity
SUPN,SUPERNUS PHARMACEUTICALS INC,Health Care,Equity
OXM,OXFORD INDUSTRIES INC,Consumer Discretionary,Equity
JOE,ST JOE,Real Estate,Equity
TTMI,TTM TECHNOLOGIES INC,Information Technology,Equity
VBTX,VERITEX HOLDINGS INC,Financials,Equity
NWBI,NORTHWEST BANCSHARES INC,Financials,Equity
SBGI,SINCLAIR BROADCAST GROUP INC CLASS,Communication,Equity
CLNE,CLEAN ENERGY FUELS CORP,Energy,Equity
PGTI,PGT INNOVATIONS INC,Industrials,Equity
EB,EVENTBRITE CLASS A INC,Communication,Equity
GSHD,GOOSEHEAD INSURANCE INC CLASS A,Financials,Equity
GOLF,ACUSHNET HOLDINGS CORP,Consumer Discretionary,Equity
YEXT,YEXT INC,Information Technology,Equity
AMCX,AMC NETWORKS CLASS A INC,Communication,Equity
UIS,UNISYS CORP,Information Technology,Equity
CWH,CAMPING WORLD HOLDINGS INC CLASS A,Consumer Discretionary,Equity
GIII,G III APPAREL GROUP LTD,Consumer Discretionary,Equity
HSC,HARSCO CORP,Industrials,Equity
CSGS,CSG SYSTEMS INTERNATIONAL INC,Information Technology,Equity
DK,DELEK US HOLDINGS INC,Energy,Equity
MGY,MAGNOLIA OIL GAS CORP CLASS A,Energy,Equity
EVRI,EVERI HOLDINGS INC,Consumer Discretionary,Equity
USPH,US PHYSICAL THERAPY INC,Health Care,Equity
ACLS,AXCELIS TECHNOLOGIES INC,Information Technology,Equity
GPRO,GOPRO INC CLASS A,Consumer Discretionary,Equity
QUOT,QUOTIENT TECHNOLOGY INC,Consumer Discretionary,Equity
DIN,DINE BRANDS GLOBAL INC,Consumer Discretionary,Equity
KAMN,KAMAN CORP,Industrials,Equity
BALY,BALLY S CORP,Consumer Discretionary,Equity
RAVN,RAVEN INDUSTRIES INC,Industrials,Equity
MODN,MODEL N INC,Information Technology,Equity
WHD,CACTUS INC CLASS A,Energy,Equity
RCUS,ARCUS BIOSCIENCES INC,Health Care,Equity
RVMD,REVOLUTION MEDICINES INC,Health Care,Equity
SGMO,SANGAMO THERAPEUTICS INC,Health Care,Equity
BSIG,BRIGHTSPHERE INVESTMENT GROUP INC,Financials,Equity
PLMR,PALOMAR HOLDINGS INC,Financials,Equity
RILY,B RILEY FINANCIAL INC,Financials,Equity
SWM,SCHWEITZER MAUDUIT INTERNATIONAL I,Materials,Equity
CLI,MACK-CALI REALTY REIT CORP,Real Estate,Equity
OCFC,OCEANFIRST FINANCIAL CORP,Financials,Equity
BRMK,BROADMARK REALTY CAPITAL INC,Financials,Equity
TNC,TENNANT,Industrials,Equity
CATM,CARDTRONICS PLC CLASS A,Information Technology,Equity
CDXS,CODEXIS INC,Health Care,Equity
COKE,COCA COLA CONSOLIDATED INC,Consumer Staples,Equity
UVV,UNIVERSAL CORP,Consumer Staples,Equity
RGNX,REGENXBIO INC,Health Care,Equity
CALM,CAL MAINE FOODS INC,Consumer Staples,Equity
TVTX,TRAVERE THERAPEUTICS INC,Health Care,Equity
PLT,PLANTRONICS INC,Information Technology,Equity
FBK,FB FINANCIAL CORP,Financials,Equity
PBF,PBF ENERGY INC CLASS A,Energy,Equity
TGH,TEXTAINER GROUP HOLDINGS LTD,Industrials,Equity
MTRN,MATERION CORP,Materials,Equity
FOE,FERRO CORP,Materials,Equity
MSEX,MIDDLESEX WATER,Utilities,Equity
JRVR,JAMES RIVER GROUP HOLDINGS LTD,Financials,Equity
ENDP,ENDO INTERNATIONAL PLC,Health Care,Equity
ELF,ELF BEAUTY INC,Consumer Staples,Equity
BANF,BANCFIRST CORP,Financials,Equity
ECOL,US ECOLOGY INC,Industrials,Equity
UPLD,UPLAND SOFTWARE INC,Information Technology,Equity
OPI,OFFICE PROPERTIES INCOME TRUST,Real Estate,Equity
AIR,AAR CORP,Industrials,Equity
AZZ,AZZ INC,Industrials,Equity
EVOP,EVO PAYMENTS INC CLASS A,Information Technology,Equity
STAR,ISTAR REIT INC,Real Estate,Equity
WW,WW INTERNATIONAL INC,Consumer Discretionary,Equity
IPAR,INTER PARFUMS INC,Consumer Staples,Equity
SGRY,SURGERY PARTNERS INC,Health Care,Equity
CDMO,AVID BIOSERVICES INC,Health Care,Equity
AMRC,AMERESCO INC CLASS A,Industrials,Equity
PLUS,EPLUS,Information Technology,Equity
BUSE,FIRST BUSEY CORP,Financials,Equity
MATW,MATTHEWS INTERNATIONAL CORP CLASS,Industrials,Equity
INO,INOVIO PHARMACEUTICALS INC,Health Care,Equity
HEES,H AND E EQUIPMENT SERVICES INC,Industrials,Equity
TRS,TRIMAS CORP,Industrials,Equity
SBSI,SOUTHSIDE BANCSHARES INC,Financials,Equity
ALEX,ALEXANDER & BALDWIN INC,Real Estate,Equity
CVGW,CALAVO GROWERS INC,Consumer Staples,Equity
LAUR,LAUREATE EDUCATION INC CLASS A,Consumer Discretionary,Equity
EXTR,EXTREME NETWORKS INC,Information Technology,Equity
BJRI,BJS RESTAURANTS INC,Consumer Discretionary,Equity
HSKA,HESKA CORP,Health Care,Equity
GCP,GCP APPLIED TECHNOLOGIES INC,Materials,Equity
CEVA,CEVA INC,Information Technology,Equity
SHYF,SHYFT GROUP INC,Industrials,Equity
HIBB,HIBBETT SPORTS INC,Consumer Discretionary,Equity
SAFE,SAFEHOLD INC,Real Estate,Equity
KRA,KRATON CORP,Materials,Equity
AFMD,AFFIMED NV,Health Care,Equity
HURN,HURON CONSULTING GROUP INC,Industrials,Equity
LADR,LADDER CAPITAL CORP CLASS A,Financials,Equity
MDP,MEREDITH CORP,Communication,Equity
AROC,ARCHROCK INC,Energy,Equity
BKE,BUCKLE INC,Consumer Discretionary,Equity
CMCO,COLUMBUS MCKINNON CORP,Industrials,Equity
BRP,BRP GROUP INC CLASS A,Financials,Equity
NNI,NELNET INC CLASS A,Financials,Equity
STBA,S AND T BANCORP INC,Financials,Equity
PTEN,PATTERSON UTI ENERGY INC,Energy,Equity
SITM,SITIME CORP,Information Technology,Equity
HZO,MARINEMAX INC,Consumer Discretionary,Equity
TUP,TUPPERWARE BRANDS CORP,Consumer Discretionary,Equity
AMSF,AMERISAFE INC,Financials,Equity
PRA,PROASSURANCE CORP,Financials,Equity
TCBK,TRICO BANCSHARES,Financials,Equity
WKHS,WORKHORSE GROUP INC,Consumer Discretionary,Equity
ENVA,ENOVA INTERNATIONAL INC,Financials,Equity
FCF,FIRST COMMONWEALTH FINANCIAL CORP,Financials,Equity
SCHN,SCHNITZER STEEL INDUSTRIES INC CLA,Materials,Equity
VCRA,VOCERA COMMUNICATIONS INC,Health Care,Equity
INGN,INOGEN INC,Health Care,Equity
EFSC,ENTERPRISE FINANCIAL SERVICES CORP,Financials,Equity
ALXO,ALX ONCOLOGY HOLDINGS INC,Health Care,Equity
KRYS,KRYSTAL BIOTECH INC,Health Care,Equity
DCOM,DIME COMMUNITY BANCSHARES INC,Financials,Equity
MCRB,SERES THERAPEUTICS INC,Health Care,Equity
ECPG,ENCORE CAPITAL GROUP INC,Financials,Equity
MLAB,MESA LABORATORIES INC,Health Care,Equity
SSP,EW SCRIPPS CLASS A,Communication,Equity
SCS,STEELCASE INC CLASS A,Industrials,Equity
SAH,SONIC AUTOMOTIVE INC CLASS A,Consumer Discretionary,Equity
RWT,REDWOOD TRUST REIT INC,Financials,Equity
GLNG,GOLAR LNG LTD,Energy,Equity
FLGT,FULGENT GENETICS INC,Health Care,Equity
GRPN,GROUPON INC,Consumer Discretionary,Equity
AMTI,APPLIED MOLECULAR TRANSPORT,Health Care,Equity
MDGL,MADRIGAL PHARMACEUTICALS INC,Health Care,Equity
OEC,ORION ENGINEERED CARBONS SA,Materials,Equity
HA,HAWAIIAN HOLDINGS INC,Industrials,Equity
KNL,KNOLL INC,Industrials,Equity
PFC,PREMIER FINANCIAL CORP,Financials,Equity
GFF,GRIFFON CORP,Industrials,Equity
SXI,STANDEX INTERNATIONAL CORP,Industrials,Equity
CHCO,CITY HOLDING,Financials,Equity
LRN,STRIDE INC,Consumer Discretionary,Equity
VECO,VEECO INSTRUMENTS INC,Information Technology,Equity
BKD,BROOKDALE SENIOR LIVING INC,Health Care,Equity
KOS,KOSMOS ENERGY LTD,Energy,Equity
MYRG,MYR GROUP INC,Industrials,Equity
FIZZ,NATIONAL BEVERAGE CORP,Consumer Staples,Equity
PLCE,CHILDRENS PLACE INC,Consumer Discretionary,Equity
OCUL,OCULAR THERAPEUTIX INC,Health Care,Equity
TBBK,BANCORP INC,Financials,Equity
IHRT,IHEARTMEDIA INC CLASS A,Communication,Equity
DBI,DESIGNER BRANDS INC CLASS A,Consumer Discretionary,Equity
DENN,DENNYS CORP,Consumer Discretionary,Equity
ATRA,ATARA BIOTHERAPEUTICS INC,Health Care,Equity
SAFT,SAFETY INSURANCE GROUP INC,Financials,Equity
MEG,MONTROSE ENVIRONMENTAL GRP INC,Industrials,Equity
NTGR,NETGEAR INC,Information Technology,Equity
AXL,AMERICAN AXLE AND MANUFACTURING HO,Consumer Discretionary,Equity
OII,OCEANEERING INTERNATIONAL INC,Energy,Equity
LASR,NLIGHT INC,Information Technology,Equity
OFG,OFG BANCORP,Financials,Equity
BPFH,BOSTON PRIVATE FINANCIAL HOLDINGS,Financials,Equity
CHCT,COMMUNITY HEALTHCARE TRUST INC,Real Estate,Equity
BRKL,BROOKLINE BANCORP INC,Financials,Equity
TMP,TOMPKINS FINANCIAL CORP,Financials,Equity
EBSB,MERIDIAN BANCORP INC,Financials,Equity
NBHC,NATIONAL BANK HOLDINGS CORP CLASS,Financials,Equity
FBNC,FIRST BANCORP,Financials,Equity
LC,LENDINGCLUB CORP,Financials,Equity
PRPL,PURPLE INNOVATION INC,Consumer Discretionary,Equity
XPEL,XPEL INC,Consumer Discretionary,Equity
KFRC,KFORCE INC,Industrials,Equity
DVAX,DYNAVAX TECHNOLOGIES CORP,Health Care,Equity
CNDT,CONDUENT INC,Information Technology,Equity
GABC,GERMAN AMERICAN BANCORP INC,Financials,Equity
TCMD,TACTILE SYSTEMS TECHNOLOGY INC,Health Care,Equity
RGR,STURM RUGER INC,Consumer Discretionary,Equity
BHE,BENCHMARK ELECTRONICS INC,Information Technology,Equity
INN,SUMMIT HOTEL PROPERTIES REIT INC,Real Estate,Equity
MNKD,MANNKIND CORP,Health Care,Equity
AAN,AARONS COMPANY INC,Consumer Discretionary,Equity
DNOW,NOW INC,Industrials,Equity
GES,GUESS INC,Consumer Discretionary,Equity
IMAX,IMAX CORP,Communication,Equity
SYBT,STOCK YARDS BANCORP INC,Financials,Equity
PNTG,PENNANT GROUP INC,Health Care,Equity
AFIN,AMERICAN FIN INC TRUST CLASS A,Real Estate,Equity
ZGNX,ZOGENIX INC,Health Care,Equity
OMER,OMEROS CORP,Health Care,Equity
NXRT,NEXPOINT RESIDENTIAL TRUST INC,Real Estate,Equity
DBD,DIEBOLD NIXDORF INC,Information Technology,Equity
GTY,GETTY REALTY REIT CORP,Real Estate,Equity
EIG,EMPLOYERS HOLDINGS INC,Financials,Equity
DHC,DIVERSIFIED HEALTHCARE TRUST,Real Estate,Equity
PTGX,PROTAGONIST THERAPEUTICS INC,Health Care,Equity
TVTY,TIVITY HEALTH INC,Health Care,Equity
SNEX,STONEX GROUP INC,Financials,Equity
CARA,CARA THERAPEUTICS INC,Health Care,Equity
DRQ,DRIL QUIP INC,Energy,Equity
CRVL,CORVEL CORP,Health Care,Equity
PLOW,DOUGLAS DYNAMICS INC,Industrials,Equity
CNOB,CONNECTONE BANCORP INC,Financials,Equity
AGYS,AGILISYS INC,Information Technology,Equity
USNA,USANA HEALTH SCIENCES INC,Consumer Staples,Equity
RPT,RPT REALTY,Real Estate,Equity
LBRT,LIBERTY OILFIELD SERVICES INC CLAS,Energy,Equity
CERS,CERUS CORP,Health Care,Equity
COWN,COWEN INC CLASS A,Financials,Equity
NXGN,NEXTGEN HEALTHCARE INC,Health Care,Equity
CSTL,CASTLE BIOSCIENCES INC,Health Care,Equity
CTS,CTS CORP,Information Technology,Equity
TBI,TRUEBLUE INC,Industrials,Equity
GLDD,GREAT LAKES DREDGE AND DOCK CORP,Industrials,Equity
BATRK,LIBERTY MEDIA LIBERTY BRAVES CORP,Communication,Equity
PI,IMPINJ INC,Information Technology,Equity
CTRN,CITI TRENDS INC,Consumer Discretionary,Equity
USCR,U S CONCRETE INC,Materials,Equity
RDUS,RADIUS HEALTH INC,Health Care,Equity
BRBR,BELLRING BRANDS INC CLASS A,Consumer Staples,Equity
CHEF,CHEFS WAREHOUSE INC,Consumer Staples,Equity
KRNY,KEARNY FINANCIAL TEST CORP,Financials,Equity
NVEE,NV5 GLOBAL INC,Industrials,Equity
MRTN,MARTEN TRANSPORT LTD,Industrials,Equity
SIBN,SI BONE INC,Health Care,Equity
SWBI,SMITH WESSON BRANDS INC,Consumer Discretionary,Equity
HFWA,HERITAGE FINANCIAL CORP,Financials,Equity
RDNT,RADNET INC,Health Care,Equity
SLP,SIMULATIONS PLUS INC,Health Care,Equity
SLCA,US SILICA HOLDINGS INC,Energy,Equity
QNST,QUINSTREET INC,Communication,Equity
FFWM,FIRST FOUNDATION INC,Financials,Equity
PSN,PARSONS CORP,Industrials,Equity
VVNT,VIVINT SMART HOME INC CLASS A,Consumer Discretionary,Equity
ENTA,ENANTA PHARMACEUTICALS INC,Health Care,Equity
CWENA,CLEARWAY ENERGY INC CLASS A,Utilities,Equity
RAD,RITE AID CORP,Consumer Staples,Equity
WNC,WABASH NATIONAL CORP,Industrials,Equity
TRHC,TABULA RASA HEALTHCARE INC,Health Care,Equity
BMTC,BRYN MAWR BANK CORP,Financials,Equity
HMHC,HOUGHTON MIFFLIN HARCOURT,Consumer Discretionary,Equity
WETF,WISDOMTREE INVESTMENTS INC,Financials,Equity
CUBI,CUSTOMERS BANCORP INC,Financials,Equity
TBPH,THERAVANCE BIOPHARMA INC,Health Care,Equity
BHLB,BERKSHIRE HILLS BANCORP INC,Financials,Equity
GPRE,GREEN PLAINS INC,Energy,Equity
HCC,WARRIOR MET COAL INC,Materials,Equity
ASO,ACADEMY SPORTS AND OUTDOORS INC,Consumer Discretionary,Equity
CSR,CENTERSPACE TRUST,Real Estate,Equity
CXW,CORECIVIC REIT INC,Industrials,Equity
WASH,WASHINGTON TRUST BANCORP INC,Financials,Equity
PFBC,PREFERRED BANK,Financials,Equity
AGM,FEDERAL AGRICULTURAL MORTGAGE NON,Financials,Equity
LBAI,LAKELAND BANCORP INC,Financials,Equity
CYH,COMMUNITY HEALTH SYSTEMS INC,Health Care,Equity
SRRK,SCHOLAR ROCK HOLDING CORP,Health Care,Equity
NX,QUANEX BUILDING PRODUCTS CORP,Industrials,Equity
ZUMZ,ZUMIEZ INC,Consumer Discretionary,Equity
PETQ,PETIQ INC CLASS A,Health Care,Equity
APOG,APOGEE ENTERPRISES INC,Industrials,Equity
ANGO,ANGIODYNAMICS INC,Health Care,Equity
OBNK,ORIGIN BANCORP INC,Financials,Equity
VREX,VAREX IMAGING CORP,Health Care,Equity
STNG,SCORPIO TANKERS INC,Energy,Equity
IVR,INVESCO MORTGAGE CAPITAL REIT INC,Financials,Equity
ADVM,ADVERUM BIOTECHNOLOGIES INC,Health Care,Equity
CRMT,AMERICAS CAR-MART INC,Consumer Discretionary,Equity
SMP,STANDARD MOTOR PRODUCTS INC,Consumer Discretionary,Equity
SPNS,SAPIENS INTERNATIONAL NV,Information Technology,Equity
DFIN,DONNELLEY FINANCIAL SOLUTIONS INC,Financials,Equity
OSPN,ONESPAN INC,Information Technology,Equity
LMAT,LEMAITRE VASCULAR INC,Health Care,Equity
CLBK,COLUMBIA FINANCIAL INC,Financials,Equity
PING,PING IDENTITY HOLDING CORP,Information Technology,Equity
AEGN,AEGION CORP CLASS A,Industrials,Equity
VNDA,VANDA PHARMACEUTICALS INC,Health Care,Equity
YMAB,Y MABS THERAPEUTICS INC,Health Care,Equity
MRSN,MERSANA THERAPEUTICS INC,Health Care,Equity
CRY,CRYOLIFE INC,Health Care,Equity
CARS,CARS.COM INC,Communication,Equity
HNGR,HANGER INC,Health Care,Equity
NTUS,NATUS MEDICAL INC,Health Care,Equity
ATEC,ALPHATEC HOLDNGS INC,Health Care,Equity
HTLD,HEARTLAND EXPRESS INC,Industrials,Equity
ROAD,CONSTRUCTION PARTNERS INC CLASS A,Industrials,Equity
ATRI,ATRION CORP,Health Care,Equity
ANDE,ANDERSONS INC,Consumer Staples,Equity
SCHL,SCHOLASTIC CORP,Communication,Equity
ALEC,ALECTOR INC,Health Care,Equity
NHC,NATIONAL HEALTHCARE CORP,Health Care,Equity
NP,NEENAH INC,Materials,Equity
CAL,CALERES INC,Consumer Discretionary,Equity
QADA,QAD INC CLASS A,Information Technology,Equity
UHT,UNIVERSAL HEALTH REALTY INCOME TRU,Real Estate,Equity
FDP,FRESH DEL MONTE PRODUCE INC,Consumer Staples,Equity
SPNT,SIRIUSPOINT LTD,Financials,Equity
KROS,KEROS THERAPEUTICS INC,Health Care,Equity
TGI,TRIUMPH GROUP INC,Industrials,Equity
CVM,CEL SCI CORP,Health Care,Equity
CCF,CHASE CORP,Materials,Equity
VIVO,MERIDIAN BIOSCIENCE INC,Health Care,Equity
FRO,FRONTLINE LTD,Energy,Equity
RYTM,RHYTHM PHARMACEUTICALS INC,Health Care,Equity
REPL,REPLIMUNE GROUP INC,Health Care,Equity
MCRI,MONARCH CASINO AND RESORT INC,Consumer Discretionary,Equity
CHRS,COHERUS BIOSCIENCES INC,Health Care,Equity
SRI,STONERIDGE INC,Consumer Discretionary,Equity
RXT,RACKSPACE TECHNOLOGY INC,Information Technology,Equity
RUBY,RUBIUS THERAPEUTICS INC,Health Care,Equity
IMKTA,INGLES MARKETS INC CLASS A,Consumer Staples,Equity
CHUY,CHUYS HOLDINGS INC,Consumer Discretionary,Equity
EBIX,EBIX INC,Information Technology,Equity
ORBC,ORBCOMM INC,Communication,Equity
VVI,VIAD CORP,Industrials,Equity
ADTN,ADTRAN INC,Information Technology,Equity
PRTA,PROTHENA PLC,Health Care,Equity
ERII,ENERGY RECOVERY INC,Industrials,Equity
RC,READY CAPITAL CORP,Financials,Equity
FMTX,FORMA THERAPEUTICS HLDG INC,Health Care,Equity
UTL,UNITIL CORP,Utilities,Equity
NRIX,NURIX THERAPEUTICS INC,Health Care,Equity
MMI,MARCUS & MILLICHAP INC,Real Estate,Equity
UVSP,UNIVEST FINANCIAL CORP,Financials,Equity
ASIX,ADVANSIX INC,Materials,Equity
ECHO,ECHO GLOBAL LOGISTICS INC,Industrials,Equity
HBNC,HORIZON BNCP IND,Financials,Equity
SRCE,1ST SOURCE CORP,Financials,Equity
MOD,MODINE MANUFACTURING,Consumer Discretionary,Equity
PRDO,PERDOCEO EDUCATION CORP,Consumer Discretionary,Equity
KELYA,KELLY SERVICES INC CLASS A,Industrials,Equity
OPRX,OPTIMIZERX CORP,Health Care,Equity
HY,HYSTER YALE MATERIALS HANDLING INC,Industrials,Equity
FRG,FRANCHISE GROUP INC,Consumer Discretionary,Equity
OFIX,ORTHOFIX MEDICAL INC,Health Care,Equity
ACCO,ACCO BRANDS CORP,Industrials,Equity
FBMS,FIRST BANCSHARES INC,Financials,Equity
CENX,CENTURY ALUMINUM,Materials,Equity
PUMP,PROPETRO HOLDING CORP,Energy,Equity
SRDX,SURMODICS INC,Health Care,Equity
PLRX,PLIANT THERAPEUTICS INC,Health Care,Equity
BANC,BANC OF CALIFORNIA INC,Financials,Equity
UMH,UMH PROPERTIES REIT INC,Real Estate,Equity
HSII,HEIDRICK AND STRUGGLES INTERNATION,Industrials,Equity
RUTH,RUTHS HOSPITALITY GROUP INC,Consumer Discretionary,Equity
SP,SP PLUS CORP,Industrials,Equity
MYE,MYERS INDUSTRIES INC,Materials,Equity
AHH,ARMADA HOFFLER PROPERTIES REIT INC,Real Estate,Equity
MTW,MANITOWOC INC,Industrials,Equity
LOVE,LOVESAC COMPANY,Consumer Discretionary,Equity
PLAB,PHOTRONICS INC,Information Technology,Equity
MGPI,MGP INGREDIENTS INC,Consumer Staples,Equity
ARR,ARMOUR RESIDENTIAL REIT INC,Financials,Equity
GRBK,GREEN BRICK PARTNERS INC,Consumer Discretionary,Equity
HMST,HOMESTREET INC,Financials,Equity
HVT,HAVERTY FURNITURE COMPANIES INC,Consumer Discretionary,Equity
MORF,MORPHIC HOLDING INC,Health Care,Equity
ABTX,ALLEGIANCE BANCSHARES INC,Financials,Equity
JBSS,JOHN B SANFILIPPO AND SON INC,Consumer Staples,Equity
MAX,MEDIAALPHA INC CLASS A,Communication,Equity
BCOV,BRIGHTCOVE INC,Information Technology,Equity
COLL,COLLEGIUM PHARMACEUTICAL INC,Health Care,Equity
GTHX,G1 THERAPEUTICS INC,Health Care,Equity
HONE,HARBORONE BANCORP INC,Financials,Equity
GCO,GENESCO INC,Consumer Discretionary,Equity
ARCT,ARCTURUS THERAPEUTICS HOLDINGS INC,Health Care,Equity
AMBC,AMBAC FINANCIAL GROUP INC,Financials,Equity
SPWH,SPORTSMANS WAREHOUSE HOLDINGS INC,Consumer Discretionary,Equity
CRSR,CORSAIR GAMING INC,Information Technology,Equity
UUUU,ENERGY FUELS INC,Energy,Equity
HLIT,HARMONIC INC,Information Technology,Equity
CBB,CINCINNATI BELL INC,Communication,Equity
JYNT,JOINT CORP,Health Care,Equity
ZIOP,ZIOPHARM ONCOLOGY INC,Health Care,Equity
SEER,SEER INC CLASS A,Health Care,Equity
TCX,TUCOWS INC,Information Technology,Equity
JOUT,JOHNSON OUTDOORS INC CLASS A,Consumer Discretionary,Equity
CAI,CAI INTERNATIONAL INC,Industrials,Equity
BOOM,DMC GLOBAL INC,Energy,Equity
SCSC,SCANSOURCE INC,Information Technology,Equity
CTBI,COMMUNITY TRUST BANCORP INC,Financials,Equity
TRTX,TPG RE FINANCE TRUST INC,Financials,Equity
NFBK,NORTHFIELD BANCORP INC,Financials,Equity
HTBK,HERITAGE COMMERCE CORP,Financials,Equity
EPZM,EPIZYME INC,Health Care,Equity
EFC,ELLINGTON FINANCIAL INC,Financials,Equity
QCRH,QCR HOLDINGS INC,Financials,Equity
GPMT,GRANITE POINT MORTGAGE TRUST INC,Financials,Equity
TMDX,TRANSMEDICS GROUP INC,Health Care,Equity
KIDS,ORTHOPEDIATRICS CORP,Health Care,Equity
NCBS,NICOLET BANKSHARES INC,Financials,Equity
BV,BRIGHTVIEW HOLDINGS INC,Industrials,Equity
ARCH,ARCH RESOURCES INC CLASS A,Energy,Equity
CLNC,COLONY CREDIT REAL ESTATE INC CLAS,Financials,Equity
TILE,INTERFACE INC,Industrials,Equity
RNA,AVIDITY BIOSCIENCES INC,Health Care,Equity
UEIC,UNIVERSAL ELECTRONICS INC,Consumer Discretionary,Equity
AGX,ARGAN INC,Industrials,Equity
XENT,INTERSECT ENT INC,Health Care,Equity
MNRL,BRIGHAM MINERALS INC CLASS A,Energy,Equity
CFB,CROSSFIRST BANKSHARES INC,Financials,Equity
SFL,SFL LTD,Energy,Equity
AVXL,ANAVEX LIFE SCIENCES CORP,Health Care,Equity
KDMN,KADMON INC,Health Care,Equity
CAC,CAMDEN NATIONAL CORP,Financials,Equity
BCOR,BLUCORA INC,Financials,Equity
FFIC,FLUSHING FINANCIAL CORP,Financials,Equity
ESPR,ESPERION THERAPEUTICS INC,Health Care,Equity
WOW,WIDEOPENWEST INC,Communication,Equity
MRC,MRC GLOBAL INC,Industrials,Equity
ALTA,ALTABANCORP,Financials,Equity
INVA,INNOVIVA INC,Health Care,Equity
NGM,NGM BIOPHARMACEUTICALS INC,Health Care,Equity
LL,LUMBER LIQUIDATORS HOLDINGS INC,Consumer Discretionary,Equity
BCEI,BONANZA CREEK ENERGY INC,Energy,Equity
TCRR,TCR2 THERAPEUTICS INC,Health Care,Equity
IIIN,INSTEEL INDUSTRIES INC,Industrials,Equity
BNL,BROADSTONE NET LEASE INC,Real Estate,Equity
MITK,MITEK SYSTEMS INC,Information Technology,Equity
GOOD,GLADSTONE COMMERCIAL REIT CORP,Real Estate,Equity
SGH,SMART GLOBAL HOLDINGS INC,Information Technology,Equity
ETH,ETHAN ALLEN INC,Consumer Discretionary,Equity
STRO,SUTRO BIOPHARMA INC,Health Care,Equity
DDS,DILLARDS INC CLASS A,Consumer Discretionary,Equity
ALVR,ALLOVIR INC,Health Care,Equity
OSUR,ORASURE TECHNOLOGIES INC,Health Care,Equity
FRTA,FORTERRA INC,Materials,Equity
KOP,KOPPERS HOLDINGS INC,Materials,Equity
AVID,AVID TECHNOLOGY INC,Information Technology,Equity
SPTN,SPARTANNASH,Consumer Staples,Equity
CIR,CIRCOR INTERNATIONAL INC,Industrials,Equity
CNST,CONSTELLATION PHARMACEUTICALS INC,Health Care,Equity
NRC,NATIONAL RESEARCH CORP,Health Care,Equity
ARQT,ARCUTIS BIOTHERAPEUTICS INC,Health Care,Equity
TSC,TRISTATE CAPITAL HOLDINGS INC,Financials,Equity
KPTI,KARYOPHARM THERAPEUTICS INC,Health Care,Equity
VERI,VERITONE INC,Information Technology,Equity
GLT,GLATFELTER CORP,Materials,Equity
TPC,TUTOR PERINI CORP,Industrials,Equity
CASS,CASS INFORMATION SYSTEMS INC,Information Technology,Equity
AXGN,AXOGEN INC,Health Care,Equity
ECOM,CHANNELADVISOR CORP,Information Technology,Equity
INSG,INSEEGO CORP,Information Technology,Equity
YORW,YORK WATER,Utilities,Equity
UFCS,UNITED FIRE GROUP INC,Financials,Equity
AOSL,ALPHA AND OMEGA SEMICONDUCTOR LTD,Information Technology,Equity
PARR,PAR PACIFIC HOLDINGS INC,Energy,Equity
RMAX,RE MAX HOLDINGS INC CLASS A,Real Estate,Equity
PEBO,PEOPLES BANCORP INC,Financials,Equity
GSBC,GREAT SOUTHERN BANCORP INC,Financials,Equity
AERI,AERIE PHARMACEUTICALS INC,Health Care,Equity
RIGL,RIGEL PHARMACEUTICALS INC,Health Care,Equity
PSNL,PERSONALIS INC,Health Care,Equity
ARDX,ARDELYX INC,Health Care,Equity
FMBH,FIRST MID BANCSHARES INC,Financials,Equity
STEP,STEPSTONE GROUP INC CLASS A,Financials,Equity
DHT,DHT HOLDINGS INC,Energy,Equity
BCAB,BIOATLA INC,Health Care,Equity
NKTX,NKARTA INC,Health Care,Equity
CMO,CAPSTEAD MORTGAGE REIT CORP,Financials,Equity
CVI,CVR ENERGY INC,Energy,Equity
FLWS,1-800 FLOWERS.COM INC CLASS A,Consumer Discretionary,Equity
ACEL,ACCEL ENTERTAINMENT INC CLASS A,Consumer Discretionary,Equity
GMRE,GLOBAL MEDICAL REIT INC,Real Estate,Equity
NBR,NABORS INDUSTRIES LTD,Energy,Equity
LILA,LIBERTY LATIN AMERICA LTD CLASS A,Communication,Equity
TRST,TRUSTCO BANK CORP,Financials,Equity
DCO,DUCOMMUN INC,Industrials,Equity
HSTM,HEALTHSTREAM INC,Health Care,Equity
CRTX,CORTEXYME INC,Health Care,Equity
CLDT,CHATHAM LODGING TRUST REIT,Real Estate,Equity
CNR,CORNERSTONE BUILDING BRANDS INC,Industrials,Equity
AMSWA,AMERICAN SOFTWARE INC CLASS A,Information Technology,Equity
HWKN,HAWKINS INC,Materials,Equity
IBRX,IMMUNITYBIO INC,Health Care,Equity
AMPH,AMPHASTAR PHARMACEUTICALS INC,Health Care,Equity
CSV,CARRIAGE SERVICES INC,Consumer Discretionary,Equity
GAN,GAN LTD,Consumer Discretionary,Equity
CMTL,COMTECH TELECOMMUNICATIONS CORP,Information Technology,Equity
GEO,GEO GROUP REIT INC,Real Estate,Equity
SRG,SERITAGE GROWTH PROPERTIES CLA,Real Estate,Equity
RMR,RMR GROUP INC CLASS A,Real Estate,Equity
GCI,GANNETT CO INC,Communication,Equity
HLX,HELIX ENERGY SOLUTIONS GROUP INC,Energy,Equity
ATRS,ANTARES PHARMA INC,Health Care,Equity
CTMX,CYTOMX THERAPEUTICS INC,Health Care,Equity
NPTN,NEOPHOTONICS CORP,Information Technology,Equity
CPF,CENTRAL PACIFIC FINANCIAL CORP,Financials,Equity
IIIV,I3 VERTICALS INC CLASS A,Information Technology,Equity
LDL,LYDALL INC,Industrials,Equity
GOGO,GOGO INC,Communication,Equity
IMVT,IMMUNOVANT INC,Health Care,Equity
THR,THERMON GROUP HOLDINGS INC,Industrials,Equity
KREF,KKR REAL ESTATE FINANCE INC TRUST,Financials,Equity
NWLI,NATIONAL WESTERN LIFE GROUP INC CL,Financials,Equity
NEX,NEXTIER OILFIELD SOLUTIONS INC,Energy,Equity
BZH,BEAZER HOMES INC,Consumer Discretionary,Equity
GRC,GORMAN-RUPP,Industrials,Equity
MSBI,MIDLAND STATES BANCORP INC,Financials,Equity
CRAI,CRA INTERNATIONAL INC,Industrials,Equity
PRTS,CARPARTS COM INC,Consumer Discretionary,Equity
AUD,AUDACY INC CLASS A,Communication,Equity
WIFI,BOINGO WIRELESS INC,Communication,Equity
PETS,PETMED EXPRESS INC,Consumer Discretionary,Equity
OM,OUTSET MEDICAL INC,Health Care,Equity
UEC,URANIUM ENERGY CORP,Energy,Equity
PGC,PEAPACK GLADSTONE FINANCIAL CORP,Financials,Equity
VEC,VECTRUS INC,Industrials,Equity
CTT,CATCHMARK TIMBER TRUST INC CLASS A,Real Estate,Equity
WTRE,WATFORD HOLDINGS LTD,Financials,Equity
AVD,AMER VANGUARD CORP,Materials,Equity
FSP,FRANKLIN STREET PROPERTIES REIT CO,Real Estate,Equity
RYAM,RAYONIER ADVANCED MATERIALS INC,Materials,Equity
VRTV,VERITIV CORP,Industrials,Equity
SXC,SUNCOKE ENERGY INC,Materials,Equity
SCVL,SHOE CARNIVAL INC,Consumer Discretionary,Equity
WRLD,WORLD ACCEPTANCE CORP,Financials,Equity
ANIK,ANIKA THERAPEUTICS INC,Health Care,Equity
PCVX,VAXCYTE INC,Health Care,Equity
VBIV,VBI VACCINES INC,Health Care,Equity
FOSL,FOSSIL GROUP INC,Consumer Discretionary,Equity
ACBI,ATLANTIC CAPITAL BANCSHARES INC,Financials,Equity
WINA,WINMARK CORP,Consumer Discretionary,Equity
RICK,RCI HOSPITALITY HOLDINGS INC,Consumer Discretionary,Equity
TPB,TURNING POINT BRANDS INC,Consumer Staples,Equity
ALX,ALEXANDERS REIT INC,Real Estate,Equity
LXFR,LUXFER HOLDINGS PLC,Industrials,Equity
HYFM,HYDROFARM HOLDINGS GROUP INC,Industrials,Equity
VITL,VITAL FARMS INC,Consumer Staples,Equity
STRL,STERLING CONSTRUCTION INC,Industrials,Equity
THFF,FIRST FINANCIAL CORPORATION INDIAN,Financials,Equity
SNR,NEW SENIOR INVESTMENT GROUP INC,Real Estate,Equity
PDFS,PDF SOLUTIONS INC,Information Technology,Equity
VRAY,VIEWRAY INC,Health Care,Equity
PGEN,PRECIGEN INC,Health Care,Equity
RBBN,RIBBON COMMUNICATIONS INC,Information Technology,Equity
LUNG,PULMONX CORP,Health Care,Equity
CENT,CENTRAL GARDEN AND PET,Consumer Staples,Equity
PTVE,PACTIV EVERGREEN INC,Materials,Equity
ISEE,IVERIC BIO INC,Health Care,Equity
GDEN,GOLDEN ENTERTAINMENT INC,Consumer Discretionary,Equity
RLMD,RELMADA THERAPEUTICS INC,Health Care,Equity
CLW,CLEARWATER PAPER CORP,Materials,Equity
ORIC,ORIC PHARMACEUTICALS INC,Health Care,Equity
TMST,TIMKENSTEEL CORP,Materials,Equity
ICPT,INTERCEPT PHARMACEUTICALS INC,Health Care,Equity
CBTX,CBTX INC,Financials,Equity
AMRX,AMNEAL PHARMACEUTICALS INC CLASS A,Health Care,Equity
HAFC,HANMI FINANCIAL CORP,Financials,Equity
CPS,COOPER STANDARD HOLDINGS INC,Consumer Discretionary,Equity
BY,BYLINE BANCORP INC,Financials,Equity
FI,FRANK S INTERNATIONAL NV,Energy,Equity
ALBO,ALBIREO PHARMA INC,Health Care,Equity
VSTM,VERASTEM INC,Health Care,Equity
PQG,PQ GROUP HOLDINGS INC,Materials,Equity
AMEH,APOLLO MEDICAL HOLDINGS INC,Health Care,Equity
TLS,TELOS CORPORATION CORP,Information Technology,Equity
SYX,SYSTEMAX INC,Industrials,Equity
PACK,RANPAK HOLDINGS CORP CLASS A,Materials,Equity
ANAB,ANAPTYSBIO INC,Health Care,Equity
KE,KIMBALL ELECTRONICS INC,Information Technology,Equity
IBCP,INDEPENDENT BANK CORP,Financials,Equity
SPNE,SEASPINE HOLDINGS CORP,Health Care,Equity
DHIL,DIAMOND HILL INVESTMENT GROUP INC,Financials,Equity
ATNI,ATN INTERNATIONAL INC,Communication,Equity
FFG,FBL FINANCIAL GROUP INC CLASS A,Financials,Equity
BBSI,BARRETT BUSINESS SERVICES INC,Industrials,Equity
DGII,DIGI INTERNATIONAL INC,Information Technology,Equity
TEN,TENNECO INC CLASS A,Consumer Discretionary,Equity
MBWM,MERCANTILE BANK CORP,Financials,Equity
PASG,PASSAGE BIO INC,Health Care,Equity
CMRE,COSTAMARE INC,Industrials,Equity
NLS,NAUTILUS INC,Consumer Discretionary,Equity
LORL,LORAL SPACE AND COMMUNICATIONS INC,Communication,Equity
UBA,URSTADT BIDDLE PROPERTIES REIT INC,Real Estate,Equity
TR,TOOTSIE ROLL INDUSTRIES INC,Consumer Staples,Equity
CATC,CAMBRIDGE BANCORP,Financials,Equity
RRGB,RED ROBIN GOURMET BURGERS INC,Consumer Discretionary,Equity
ATEN,A10 NETWORKS INC,Information Technology,Equity
BDTX,BLACK DIAMOND THERAPEUTICS INC,Health Care,Equity
NPK,NATIONAL PRESTO INDUSTRIES INC,Industrials,Equity
CMRX,CHIMERIX INC,Health Care,Equity
MCFT,MASTERCRAFT BOAT HOLDINGS INC,Consumer Discretionary,Equity
FLIC,FIRST OF LONG ISLAND CORP,Financials,Equity
PAHC,PHIBRO ANIMAL HEALTH CORP CLASS A,Health Care,Equity
FNKO,FUNKO INC CLASS A,Consumer Discretionary,Equity
CLVS,CLOVIS ONCOLOGY INC,Health Care,Equity
IGMS,IGM BIOSCIENCES INC,Health Care,Equity
FISI,FINANCIAL INSTITUTIONS INC,Financials,Equity
APTS,PREFERRED APARTMENT COMMUNITIES RE,Real Estate,Equity
REVG,REV GROUP INC,Industrials,Equity
CNXN,PC CONNECTION INC,Information Technology,Equity
CUTR,CUTERA INC,Health Care,Equity
KALV,KALVISTA PHARMACEUTICALS INC,Health Care,Equity
EBF,ENNIS INC,Industrials,Equity
ANNX,ANNEXON INC,Health Care,Equity
MBI,MBIA INC,Financials,Equity
ATEX,ANTERIX INC,Communication,Equity
CRNX,CRINETICS PHARMACEUTICALS INC,Health Care,Equity
EVER,EVERQUOTE INC CLASS A,Communication,Equity
BLFS,BIOLIFE SOLUTIONS INC,Health Care,Equity
GTS,TRIPLE S MANAGEMENT CORP CLASS B,Health Care,Equity
SNDX,SYNDAX PHARMACEUTICALS INC,Health Care,Equity
VERU,VERU INC,Consumer Staples,Equity
KBAL,KIMBALL INTERNATIONAL INC CLASS B,Industrials,Equity
MSGN,MSG NETWORKS INC CLASS A,Communication,Equity
NAT,NORDIC AMERICAN TANKERS LTD,Energy,Equity
ORGO,ORGANOGENESIS HOLDINGS INC CLASS A,Health Care,Equity
FCBC,FIRST COMMUNITY BANKSHARES INC,Financials,Equity
AGEN,AGENUS INC,Health Care,Equity
MOV,MOVADO GROUP INC,Consumer Discretionary,Equity
BFS,SAUL CENTERS REIT INC,Real Estate,Equity
MLR,MILLER INDUSTRIES INC,Industrials,Equity
CNSL,CONSOLIDATED COMMUNICATIONS HOLDIN,Communication,Equity
REX,REX AMERICAN RESOURCES CORP,Energy,Equity
ARLO,ARLO TECHNOLOGIES INC,Information Technology,Equity
TITN,TITAN MACHINERY INC,Industrials,Equity
GOSS,GOSSAMER BIO INC,Health Care,Equity
WMK,WEIS MARKETS INC,Consumer Staples,Equity
LQDT,LIQUIDITY SERVICES INC,Consumer Discretionary,Equity
ONEW,ONEWATER MARINE CLASS A INC,Consumer Discretionary,Equity
PAE,PAE INC CLASS A,Industrials,Equity
AROW,ARROW FINANCIAL CORP,Financials,Equity
LPG,DORIAN LPG LTD,Energy,Equity
TCS,CONTAINER STORE GROUP INC,Consumer Discretionary,Equity
DMTK,DERMTECH INC,Health Care,Equity
CAMP,CALAMP CORP,Information Technology,Equity
AWH,ASPIRA WOMENS HEALTH INC,Health Care,Equity
WSBF,WATERSTONE FINANCIAL INC,Financials,Equity
VRS,VERSO CORP CLASS A,Materials,Equity
TRUE,TRUECAR INC,Communication,Equity
BMRC,BANK OF MARIN BANCORP,Financials,Equity
AMSC,AMERICAN SUPERCONDUCTOR CORP,Industrials,Equity
CCRN,CROSS COUNTRY HEALTHCARE INC,Health Care,Equity
MOFG,MIDWESTONE FINANCIAL GROUP INC,Financials,Equity
AKBA,AKEBIA THERAPEUTICS INC,Health Care,Equity
KNSA,KINIKSA PHARMACEUTICALS LTD CLASS,Health Care,Equity
FORR,FORRESTER RESEARCH INC,Industrials,Equity
OSW,ONESPAWORLD HOLDINGS LTD,Consumer Discretionary,Equity
OFLX,OMEGA FLEX INC,Industrials,Equity
ORC,ORCHID ISLAND CAPITAL INC,Financials,Equity
CIO,CITY OFFICE REIT INC,Real Estate,Equity
CMBM,CAMBIUM NETWORKS CORP,Information Technology,Equity
STTK,SHATTUCK LABS INC,Health Care,Equity
DTIL,PRECISION BIOSCIENCES INC,Health Care,Equity
PMVP,PMV PHARMACEUTICALS INC,Health Care,Equity
KYMR,KYMERA THERAPEUTICS INC,Health Care,Equity
AXTI,AXT INC,Information Technology,Equity
IDT,IDT CORP CLASS B,Communication,Equity
BRY,BERRY,Energy,Equity
BLX,BANCO LATINOAMERICANO DE COMERCIO,Financials,Equity
BHB,BAR HARBOR BANKSHARES,Financials,Equity
DXPE,DXP ENTERPRISES INC,Industrials,Equity
RBCAA,REPUBLIC BANCORP INC CLASS A,Financials,Equity
ARAY,ACCURAY INC,Health Care,Equity
APEI,AMERICAN PUBLIC EDUCATION INC,Consumer Discretionary,Equity
MCB,METROPOLITAN BANK HOLDING CORP,Financials,Equity
OPY,OPPENHEIMER HOLDINGS NON VOTING IN,Financials,Equity
CPRX,CATALYST PHARMACEUTICALS INC,Health Care,Equity
ITOS,ITEOS THERAPEUTICS INC,Health Care,Equity
NSSC,NAPCO SECURITY TECHNOLOGIES INC,Information Technology,Equity
DMRC,DIGIMARC CORP,Information Technology,Equity
MCS,THE MARCUS CORP,Communication,Equity
ACRE,ARES COMMERCIAL REAL ESTATE REIT C,Financials,Equity
STOK,STOKE THERAPEUTICS INC,Health Care,Equity
LIND,LINDBLAD EXPEDITIONS HOLDINGS INC,Consumer Discretionary,Equity
BFC,BANK FIRST CORP,Financials,Equity
PHAT,PHATHOM PHARMACEUTICALS INC,Health Care,Equity
MCF,CONTANGO OIL AND GAS,Energy,Equity
EAR,EARGO INC,Health Care,Equity
TDW,TIDEWATER INC,Energy,Equity
RGP,RESOURCES CONNECTION INC,Industrials,Equity
VAPO,VAPOTHERM INC,Health Care,Equity
HTBI,HOMETRUST BANCSHARES INC,Financials,Equity
DX,DYNEX CAPITAL REIT INC,Financials,Equity
SPPI,SPECTRUM PHARMACEUTICALS INC,Health Care,Equity
VXRT,VAXART INC,Health Care,Equity
BTAI,BIOXCEL THERAPEUTICS INC,Health Care,Equity
RBNC,RELIANT BANCORP INC,Financials,Equity
HCKT,HACKETT GROUP INC,Information Technology,Equity
EQBK,EQUITY BANCSHARES INC CLASS A,Financials,Equity
HOFT,HOOKER FURNITURE CORP,Consumer Discretionary,Equity
IMXI,INTERNATIONAL MONEY EXPRESS INC,Information Technology,Equity
HCCI,HERITAGE CRYSTAL INC,Industrials,Equity
CGEM,CULLINAN ONCOLOGY INC,Health Care,Equity
HCI,HCI GROUP INC,Financials,Equity
MGI,MONEYGRAM INTERNATIONAL INC,Information Technology,Equity
INSW,INTERNATIONAL SEAWAYS INC,Energy,Equity
SBTX,SILVERBACK THERAPEUTICS INC,Health Care,Equity
ZIXI,ZIX CORP,Information Technology,Equity
GERN,GERON CORP,Health Care,Equity
FMNB,FARMERS NATIONAL BANC CORP,Financials,Equity
LLNW,LIMELIGHT NETWORKS INC,Information Technology,Equity
OPRT,OPORTUN FINANCIAL CORP,Financials,Equity
EGRX,EAGLE PHARMACEUTICALS INC,Health Care,Equity
AKTS,AKOUSTIS TECHNOLOGIES INC,Information Technology,Equity
AKRO,AKERO THERAPEUTICS INC,Health Care,Equity
NTST,NETSTREIT CORP,Real Estate,Equity
WTBA,WEST BANCORPORATION INC,Financials,Equity
HIFS,HINGHAM INSTITUTION FOR SAVINGS,Financials,Equity
VKTX,VIKING THERAPEUTICS INC,Health Care,Equity
CLFD,CLEARFIELD INC,Information Technology,Equity
BNFT,BENEFITFOCUS INC,Information Technology,Equity
ATRO,ASTRONICS CORP,Industrials,Equity
BLBD,BLUE BIRD CORP,Industrials,Equity
BFST,BUSINESS FIRST BANCSHARES INC,Financials,Equity
MRNS,MARINUS PHARMACEUTICALS INC,Health Care,Equity
HEAR,TURTLE BEACH CORP,Consumer Discretionary,Equity
ALRS,ALERUS FINANCIAL CORP,Financials,Equity
CPLG,COREPOINT LODGING INC,Real Estate,Equity
URGN,UROGEN PHARMA LTD,Health Care,Equity
BSRR,SIERRA BANCORP,Financials,Equity
OSBC,OLD SECOND BANCORP INC,Financials,Equity
AMTB,AMERANT BANCORP INC CLASS A,Financials,Equity
MVBF,MONONGAHELA POWER CORP,Financials,Equity
PLYM,PLYMOUTH INDUSTRIAL REIT INC,Real Estate,Equity
NLTX,NEOLEUKIN THERAPEUTICS INC,Health Care,Equity
LAND,GLADSTONE LAND REIT CORP,Real Estate,Equity
ASPN,ASPEN AEROGELS INC,Energy,Equity
VSEC,VSE CORP,Industrials,Equity
SCU,SCULPTOR CAPITAL MANAGEMENT INC CL,Financials,Equity
KRO,KRONOS WORLDWIDE INC,Materials,Equity
TXMD,THERAPEUTICSMD INC,Health Care,Equity
MPAA,MOTORCAR PARTS OF AMERICA INC,Consumer Discretionary,Equity
CLAR,CLARUS CORP,Consumer Discretionary,Equity
AMOT,ALLIED MOTION TECHNOLOGIES INC,Industrials,Equity
PRVB,PROVENTION BIO INC,Health Care,Equity
IESC,IES INC,Industrials,Equity
PRLD,PRELUDE THERAPEUTICS INC,Health Care,Equity
VPG,VISHAY PRECISION GROUP INC,Information Technology,Equity
AVRO,AVROBIO INC,Health Care,Equity
UVE,UNIVERSAL INSURANCE HOLDINGS INC,Financials,Equity
ONTF,ON24 INC,Information Technology,Equity
TELL,TELLURIAN INC,Energy,Equity
OLP,ONE LIBERTY PROPERTIES REIT INC,Real Estate,Equity
CPSI,COMPUTER PROGRAMS AND SYSTEMS INC,Health Care,Equity
MEIP,MEI PHARMA INC,Health Care,Equity
FC,FRANKLIN COVEY,Industrials,Equity
ATOM,ATOMERA INC,Information Technology,Equity
WLDN,WILLDAN GROUP INC,Industrials,Equity
KRON,KRONOS BIO INC,Health Care,Equity
FOR,FORESTAR GROUP INC,Real Estate,Equity
AMNB,AMERICAN NATIONAL BANKSHARES INC,Financials,Equity
GSKY,GREENSKY INC CLASS A,Information Technology,Equity
CCNE,CNB FINANCIAL CORP,Financials,Equity
MASS,908 DEVICES,Information Technology,Equity
FLDM,FLUIDIGM CORP,Health Care,Equity
WSR,WHITESTONE REIT,Real Estate,Equity
TG,TREDEGAR CORP,Materials,Equity
OLMA,OLEMA PHARMACEUTICALS INC,Health Care,Equity
UFI,UNIFI INC,Consumer Discretionary,Equity
CCCC,C4 THERAPEUTICS INC,Health Care,Equity
FF,FUTUREFUEL CORP,Materials,Equity
HT,HERSHA HOSPITALITY REIT TRUST CLAS,Real Estate,Equity
MBIN,MERCHANTS BANCORP,Financials,Equity
MESA,MESA AIR GROUP INC,Industrials,Equity
AVIR,ATEA PHARMACEUTICALS INC,Health Care,Equity
AMK,ASSETMARK FINANCIAL HOLDINGS INC,Financials,Equity
DRRX,DURECT CORP,Health Care,Equity
RFL,RAFAEL HOLDINGS INC CLASS B,Real Estate,Equity
FLXN,FLEXION THERAPEUTICS INC,Health Care,Equity
CIVB,CIVISTA BANCSHARES INC,Financials,Equity
GDYN,GRID DYNAMICS HOLDINGS INC CLASS A,Information Technology,Equity
LTRPA,LIBERTY TRIPADVISOR HOLDINGS INC S,Communication,Equity
SIGA,SIGA TECHNOLOGIES INC,Health Care,Equity
CONN,CONNS INC,Consumer Discretionary,Equity
BOMN,BOSTON OMAHA CORP CLASS A,Communication,Equity
AOUT,AMERICAN OUTDOOR BRANDS INC,Consumer Discretionary,Equity
CTSO,CYTOSORBENTS CORP,Health Care,Equity
LUNA,LUNA INNOVATIONS INC,Information Technology,Equity
RCKY,ROCKY BRANDS INC,Consumer Discretionary,Equity
AKUS,AKOUOS INC,Health Care,Equity
VOXX,VOXX INTERNATIONAL CORP CLASS A,Consumer Discretionary,Equity
TACO,DEL TACO RESTAURANTS INC,Consumer Discretionary,Equity
CDXC,CHROMADEX CORP,Health Care,Equity
GEFB,GREIF INC CLASS B,Materials,Equity
CHS,CHICOS FAS INC,Consumer Discretionary,Equity
MTRX,MATRIX SERVICE,Industrials,Equity
NVEC,NVE CORP,Information Technology,Equity
KNTE,KINNATE BIOPHARMA INC,Health Care,Equity
CCBG,CAPITAL CITY BANK INC,Financials,Equity
HAYN,HAYNES INTERNATIONAL INC,Materials,Equity
PRAX,PRAXIS PRECISION MEDICINES INC,Health Care,Equity
SFST,SOUTHERN FIRST BANCSHARES INC,Financials,Equity
APYX,APYX MEDICAL CORP,Health Care,Equity
FCBP,FIRST CHOICE BANCORP,Financials,Equity
RBB,RBB BANCORP,Financials,Equity
CUE,CUE BIOPHARMA INC,Health Care,Equity
DJCO,DAILY JOURNAL CORP,Communication,Equity
INBK,FIRST INTERNET BANCORP,Financials,Equity
TIPT,TIPTREE INC,Financials,Equity
CNTY,CENTURY CASINOS INC,Consumer Discretionary,Equity
ICAD,ICAD INC,Health Care,Equity
XONE,EXONE,Industrials,Equity
OIS,OIL STATES INTERNATIONAL INC,Energy,Equity
OOMA,OOMA INC,Communication,Equity
PRTK,PARATEK PHARMACEUTICALS INC,Health Care,Equity
AGLE,AEGLEA BIOTHERAPEUTICS INC,Health Care,Equity
GNTY,GUARANTY BANCSHARES INC,Financials,Equity
STFC,STATE AUTO FINANCIAL CORP,Financials,Equity
FPI,FARMLAND PARTNERS INC,Real Estate,Equity
IDYA,IDEAYA BIOSCIENCES INC,Health Care,Equity
QMCO,QUANTUM CORP,Information Technology,Equity
SIEN,SIENTRA INC,Health Care,Equity
CNBKA,CENTURY BANCORP INC CLASS A,Financials,Equity
BCEL,ATRECA INC CLASS A,Health Care,Equity
RM,REGIONAL MANAGEMENT CORP,Financials,Equity
DSP,VIANT TECHNOLOGY INC CLASS A,Information Technology,Equity
CZNC,CITIZENS AND NORTHERN CORP,Financials,Equity
STXS,STEREOTAXIS INC,Health Care,Equity
SMBK,SMARTFINANCIAL INC,Financials,Equity
NDLS,NOODLES CLASS A,Consumer Discretionary,Equity
VMD,VIEMED HEALTHCARE INC,Health Care,Equity
POWL,POWELL INDUSTRIES INC,Industrials,Equity
UFPT,UFP TECHNOLOGIES INC,Materials,Equity
TRNS,TRANSCAT INC,Industrials,Equity
BOLT,BOLT BIOTHERAPEUTICS INC,Health Care,Equity
FRPH,FRP HOLDINGS INC,Real Estate,Equity
DSKE,DASEKE INC,Industrials,Equity
ANIP,ANI PHARMACEUTICALS INC,Health Care,Equity
CARE,CARTER BANKSHARES TRUST,Financials,Equity
OCX,ONCOCYTE CORP,Health Care,Equity
PBYI,PUMA BIOTECHNOLOGY INC,Health Care,Equity
CBAY,CYMABAY THERAPEUTICS INC,Health Care,Equity
IPI,INTREPID POTASH INC,Materials,Equity
SOI,SOLARIS OILFIELD INFRASTRUCTURE IN,Energy,Equity
DSPG,DSP GROUP INC,Information Technology,Equity
NWPX,NORTHWEST PIPE,Industrials,Equity
EBTC,ENTERPRISE BANCORP INC,Financials,Equity
SMBC,SOUTHERN MISSOURI BANCORP INC,Financials,Equity
WTI,W AND T OFFSHORE INC,Energy,Equity
RUSHB,RUSH ENTERPRISES INC CLASS B,Industrials,Equity
PKOH,PARK OHIO HOLDINGS CORP,Industrials,Equity
PFIS,PEOPLES FINANCIAL SERVICES CORP,Financials,Equity
INFU,INFUSYSTEM HOLDINGS INC,Health Care,Equity
CSTE,CAESARSTONE LTD,Industrials,Equity
CTO,CTO REALTY GROWTH INC,Real Estate,Equity
BWB,BRIDGEWATER BANCSHARES INC,Financials,Equity
MSFUT,CASH COLLATERAL MSFUT USD,Cash and/or Derivatives,Cash Collateral and Margins
NNBR,NN INC,Industrials,Equity
LOCO,EL POLLO LOCO INC,Consumer Discretionary,Equity
KALA,KALA PHARMACEUTICALS INC,Health Care,Equity
IVC,INVACARE CORP,Health Care,Equity
STXB,SPIRIT OF TEXAS BANCSHARES INC,Financials,Equity
ARTNA,ARTESIAN RESOURCES CORP CLASS A,Utilities,Equity
FNLC,FIRST BANCORP INC,Financials,Equity
BDSI,BIODELIVERY SCIENCES INTERNATIONAL,Health Care,Equity
FRST,PRIMIS FINANCIAL CORP,Financials,Equity
VHC,VIRNETX HOLDING CORP,Information Technology,Equity
MGTX,MEIRAGTX HOLDINGS PLC,Health Care,Equity
VOR,VOR BIOPHARMA INC,Health Care,Equity
UTMD,UTAH MEDICAL PRODUCTS INC,Health Care,Equity
CSTR,CAPSTAR FINANCIAL HOLDINGS INC,Financials,Equity
CATO,CATO CORP CLASS A,Consumer Discretionary,Equity
WTTR,SELECT ENERGY SERVICES INC CLASS A,Energy,Equity
RVI,RETAIL VALUE INC,Real Estate,Equity
ZYXI,ZYNEX INC,Health Care,Equity
ATHX,ATHERSYS INC,Health Care,Equity
LNDC,LANDEC CORP,Consumer Staples,Equity
GHL,GREENHILL INC,Financials,Equity
ATNX,ATHENEX INC,Health Care,Equity
LMNR,LIMONEIRA,Consumer Staples,Equity
CASA,CASA SYSTEMS INC,Information Technology,Equity
SYRS,SYROS PHARMACEUTICALS INC,Health Care,Equity
CEIX,CONSOL ENERGY INC,Energy,Equity
TISI,TEAM INC,Industrials,Equity
PSTX,POSEIDA THERAPEUTICS INC,Health Care,Equity
DYN,DYNE THERAPEUTICS INC,Health Care,Equity
GRTS,GRITSTONE ONCOLOGY INC,Health Care,Equity
SUMO,SUMO LOGIC INC,Information Technology,Equity
ITI,ITERIS INC,Information Technology,Equity
EGLE,EAGLE BULK SHIPPING INC,Industrials,Equity
SSTI,SHOTSPOTTER INC,Information Technology,Equity
HBCP,HOME BANCORP INC,Financials,Equity
MCBS,METROCITY BANKSHARES INC,Financials,Equity
PLSE,PULSE BIOSCIENCES INC,Health Care,Equity
RES,RPC INC,Energy,Equity
IBIO,IBIO INC,Health Care,Equity
BATRA,LIBERTY MEDIA LIBERTY BRAVES CORP,Communication,Equity
RGS,REGIS CORP,Consumer Discretionary,Equity
NCMI,NATIONAL CINEMEDIA INC,Communication,Equity
SGC,SUPERIOR GROUP OF COMPANIES INC,Consumer Discretionary,Equity
BTU,PEABODY ENERGY CORP,Energy,Equity
SPRO,SPERO THERAPEUTICS INC,Health Care,Equity
TRC,TEJON RANCH,Real Estate,Equity
INS,INTELLIGENT SYSTEMS CORP,Information Technology,Equity
CIA,CITIZENS INC CLASS A,Financials,Equity
PKE,PARK AEROSPACE CORP,Industrials,Equity
HARP,HARPOON THERAPEUTICS INC,Health Care,Equity
PFBI,PREMIER FINANCIAL BANCORP INC,Financials,Equity
EIGR,EIGER BIOPHARMACEUTICALS INC,Health Care,Equity
SMMF,SUMMIT FINANCIAL GROUP INC,Financials,Equity
FREQ,FREQUENCY THERAPEUTICS INC,Health Care,Equity
PCYO,PURE CYCLE CORP,Utilities,Equity
LE,LAND END INC,Consumer Discretionary,Equity
PAVM,PAVMED INC,Health Care,Equity
OTRK,ONTRAK INC,Health Care,Equity
CRMD,CORMEDIX INC,Health Care,Equity
SENEA,SENECA FOODS CORP CLASS A,Consumer Staples,Equity
QTNT,QUOTIENT LTD,Health Care,Equity
ZEUS,OLYMPIC STEEL INC,Materials,Equity
USLM,UNITED STATES LIME AND MINERALS IN,Materials,Equity
TPCO,TRIBUNE PUBLISHING,Communication,Equity
MCBC,MACATAWA BANK CORP,Financials,Equity
ORRF,ORRSTOWN FINANCIAL SERVICES INC,Financials,Equity
NRIM,NORTHRIM BANCORP INC,Financials,Equity
FDMT,4D MOLECULAR THERAPEUTICS INC,Health Care,Equity
RRBI,RED RIVER BANCSHARES INC,Financials,Equity
PVBC,PROVIDENT BANCORP INC,Financials,Equity
TLYS,TILLYS INC CLASS A,Consumer Discretionary,Equity
DSSI,DIAMOND S SHIPPING INC,Energy,Equity
FBIO,FORTRESS BIOTECH INC,Health Care,Equity
FRGI,FIESTA RESTAURANT GROUP INC,Consumer Discretionary,Equity
CURO,CURO GROUP HOLDINGS CORP,Financials,Equity
GATO,GATOS SILVER INC,Materials,Equity
RLGT,RADIANT LOGISTIC INC,Industrials,Equity
RYI,RYERSON HOLDING CORP,Materials,Equity
EVLO,EVELO BIOSCIENCES INC,Health Care,Equity
AJX,GREAT AJAX CORP,Financials,Equity
SELB,SELECTA BIOSCIENCES INC,Health Care,Equity
NR,NEWPARK RESOURCES INC,Energy,Equity
XBIT,XBIOTECH INC,Health Care,Equity
CCB,COASTAL FINANCIAL CORP,Financials,Equity
NGMS,NEOGAMES S A,Consumer Discretionary,Equity
NESR,NATIONAL ENERGY SERVICES REUNITED,Energy,Equity
HBIO,HARVARD BIOSCIENCE INC,Health Care,Equity
ESCA,ESCALADE INC,Consumer Discretionary,Equity
DAKT,DAKTRONICS INC,Information Technology,Equity
APLT,APPLIED THERAPEUTICS INC,Health Care,Equity
GLRE,GREENLIGHT CAPITAL LTD CLASS A,Financials,Equity
HRTG,HERITAGE INSURANCE HOLDINGS INC,Financials,Equity
CSPR,CASPER SLEEP INC,Consumer Discretionary,Equity
AT,ATLANTIC POWER CORP,Utilities,Equity
AMAL,AMALGAMATED FINANCIAL,Financials,Equity
RAPT,RAPT THERAPEUTICS INC,Health Care,Equity
EZPW,EZCORP NON VOTING INC CLASS A,Financials,Equity
CECE,CECO ENVIRONMENTAL CORP,Industrials,Equity
LXRX,LEXICON PHARMACEUTICALS INC,Health Care,Equity
ITIC,INVESTORS TITLE,Financials,Equity
CVLG,COVENANT LOGISTICS GROUP INC CLASS,Industrials,Equity
VRA,VERA BRADLEY INC,Consumer Discretionary,Equity
MTEM,MOLECULAR TEMPLATES INC,Health Care,Equity
ACTG,ACACIA RESEARCH CORP,Industrials,Equity
MRLN,MARLIN BUSINESS SERVICES CORP,Financials,Equity
ALGS,ALIGOS THERAPEUTICS INC,Health Care,Equity
NKSH,NATIONAL BANKSHARES INC,Financials,Equity
MGTA,MAGENTA THERAPEUTICS INC,Health Care,Equity
ATLO,AMES NATIONAL CORP,Financials,Equity
LAWS,LAWSON PRODUCTS INC,Industrials,Equity
LCNB,LCNB CORP,Financials,Equity
GFN,GENERAL FINANCE CORP,Industrials,Equity
SHBI,SHORE BANCSHARES INC,Financials,Equity
GNK,GENCO SHIPPING AND TRADING LTD,Industrials,Equity
FIXX,HOMOLOGY MEDICINES INC,Health Care,Equity
PWFL,POWERFLEET INC,Information Technology,Equity
CYBE,CYBEROPTICS CORP,Information Technology,Equity
PCSB,PCSB FINANCIAL CORP,Financials,Equity
HFFG,HF FOODS GROUP INC,Consumer Staples,Equity
MSON,MISONIX INC,Health Care,Equity
EVC,ENTRAVISION COMMUNICATIONS CORP CL,Communication,Equity
PKBK,PARKE BANCORP INC,Financials,Equity
CVCY,CENTRAL VALLEY COMMUNITY BANCORP,Financials,Equity
ACNB,ACNB CORP,Financials,Equity
CODX,CO DIAGNOSTICS INC,Health Care,Equity
AXDX,ACCELERATE DIAGNOSTICS INC,Health Care,Equity
MFNC,MACKINAC FINANCIAL CORP,Financials,Equity
FMAO,FARMERS AND MERCHANTS BANCORP INC,Financials,Equity
GNSS,GENASYS INC,Information Technology,Equity
FSBW,FS BANCORP INC,Financials,Equity
AGS,PLAYAGS INC,Consumer Discretionary,Equity
BOCH,BANK OF COMMERCE HOLDINGS,Financials,Equity
ISTR,INVESTAR HOLDING CORP,Financials,Equity
ALTG,ALTA EQUIPMENT GROUP INC CLASS A,Industrials,Equity
CDZI,CADIZ INC,Utilities,Equity
ATHA,ATHIRA PHARMA INC,Health Care,Equity
FDBC,FIDELITY D AND D BANCORP INC,Financials,Equity
SPFI,SOUTH PLAINS FINANCIAL INC,Financials,Equity
IIN,INTRICON CORP,Health Care,Equity
BRT,BRT APARTMENTS CORP,Real Estate,Equity
GTYH,GTY TECHNOLOGY HOLDINGS INC,Information Technology,Equity
KDNY,CHINOOK THERAPEUTICS INC,Health Care,Equity
VLGEA,VILLAGE SUPER MARKET INC CLASS A,Consumer Staples,Equity
ETNB,89BIO INC,Health Care,Equity
PCB,PCB BANCORP,Financials,Equity
NBEV,NEWAGE INC,Consumer Staples,Equity
KVHI,KVH INDUSTRIES INC,Information Technology,Equity
EGAN,EGAIN CORP,Information Technology,Equity
EOLS,EVOLUS INC,Health Care,Equity
USX,U S XPRESS ENTERPRISES INC CLASS A,Industrials,Equity
TAST,CARROLS RESTAURANT GROUP INC,Consumer Discretionary,Equity
MAXN,MAXEON SOLAR TECHNOLOGIES LTD,Information Technology,Equity
LYTS,LSI INDUSTRIES INC,Industrials,Equity
BWFG,BANKWELL FINANCIAL GROUP INC,Financials,Equity
XOMA,XOMA CORP,Health Care,Equity
PVAC,PENN VA CORP,Energy,Equity
PTVCB,PROTECTIVE INSURANCE CORP CLASS B,Financials,Equity
SMED,SHARPS COMPLIANCE CORP,Health Care,Equity
WTRH,WAITR HOLDINGS INC,Consumer Discretionary,Equity
LAKE,LAKELAND INDUSTRIES INC,Consumer Discretionary,Equity
TBNK,TERRITORIAL BANCORP INC,Financials,Equity
IHC,INDEPENDENCE HOLDING,Financials,Equity
SCOR,COMSCORE INC,Communication,Equity
GALT,GALECTIN THERAPEUTICS INC,Health Care,Equity
MNOV,MEDICINOVA INC,Health Care,Equity
APR,APRIA INC,Health Care,Equity
LBC,LUTHER BURBANK CORP,Financials,Equity
WNEB,WESTERN NEW ENGLAND BANCORP INC,Financials,Equity
HURC,HURCO COMPANIES INC,Industrials,Equity
FVCB,FVCBANKCORP INC,Financials,Equity
HCHC,HC HOLDINGS INC,Industrials,Equity
BRG,BLUEROCK RESIDENTIAL GROWTH REIT C,Real Estate,Equity
EXPR,EXPRESS INC,Consumer Discretionary,Equity
TSBK,TIMBERLAND BANCORP INC,Financials,Equity
VYNE,VYNE THERAPEUTICS INC,Health Care,Equity
STRS,STRATUS PROPERTIES INC,Real Estate,Equity
ULH,UNIVERSAL LOGISTICS INC,Industrials,Equity
BBCP,CONCRETE PUMPING HOLDINGS INC,Industrials,Equity
FLMN,FALCON MINERALS CORP CLASS A,Energy,Equity
BVH,BLUEGREEN VACATIONS HOLDING CORP C,Consumer Discretionary,Equity
HBMD,HOWARD BANCORP INC,Financials,Equity
FRBA,FIRST BANK,Financials,Equity
FBIZ,FIRST BUSINESS FINANCIAL SERVICES,Financials,Equity
ESGC,EROS STX GLOBAL CORP CLASS A,Communication,Equity
GPX,GP STRATEGIES CORP,Industrials,Equity
BCBP,BCB BANCORP INC,Financials,Equity
PLPC,PREFORMED LINE PRODUCTS,Industrials,Equity
NATH,NATHANS FAMOUS INC,Consumer Discretionary,Equity
TSHA,TAYSHA GENE THERAPIES INC,Health Care,Equity
WVE,WAVE LIFE SCIENCES LTD,Health Care,Equity
GWRS,GLOBAL WATER RESOURCES INC,Utilities,Equity
KIN,KINDRED BIOSCIENCES INC,Health Care,Equity
AFIB,ACUTUS MEDICAL INC,Health Care,Equity
SMSI,SMITH MICRO SOFTWARE INC,Information Technology,Equity
NBN,NORTHEAST BANK,Financials,Equity
FRBK,REPUBLIC FIRST BANCORP INC,Financials,Equity
SPOK,SPOK HOLDINGS INC,Communication,Equity
HBT,HBT FINANCIAL INC,Financials,Equity
AAOI,APPLIED OPTOELECTRONICS INC,Information Technology,Equity
BCML,BAYCOM CORP,Financials,Equity
INZY,INOZYME PHARMA INC,Health Care,Equity
CRDA,CRAWFORD CLASS A,Financials,Equity
SLCT,SELECT BANCORP INC,Financials,Equity
OVID,OVID THERAPEUTICS INC,Health Care,Equity
LIVX,LIVEXLIVE MEDIA INC,Communication,Equity
WMC,WESTERN ASSET MORTGAGE CAPITAL REI,Financials,Equity
BYSI,BEYONDSPRING INC,Health Care,Equity
EVBN,EVANS BANCORP INC,Financials,Equity
INDT,INDUS REALTY TRUST INC,Real Estate,Equity
TIG,TREAN INSURANCE GROUP INC,Financials,Equity
CVLY,CODORUS VALLEY BANCORP INC,Financials,Equity
VRCA,VERRICA PHARMACEUTICALS INC,Health Care,Equity
HMTV,HEMISPHERE MEDIA GROUP INC CLASS A,Communication,Equity
DZSI,DZS INC,Information Technology,Equity
GORO,GOLD RESOURCE CORP,Materials,Equity
NODK,NI HOLDINGS INC,Financials,Equity
XERS,XERIS PHARMACEUTICALS INC,Health Care,Equity
RESN,RESONANT INC,Information Technology,Equity
DGICA,DONEGAL GROUP INC CLASS A,Financials,Equity
PWOD,PENNS WOODS BANCORP INC,Financials,Equity
RMBI,RICHMOND MUTUAL BANCORPORATION INC,Financials,Equity
ESXB,COMMUNITY BANKERS CORP TRUST,Financials,Equity
TARS,TARSUS PHARMACEUTICALS INC,Health Care,Equity
LCUT,LIFETIME BRANDS INC,Consumer Discretionary,Equity
PZN,PZENA INVESTMENT MANAGEMENT INC CL,Financials,Equity
IDN,INTELLICHECK INC,Information Technology,Equity
ODC,OIL DRI CORPORATION OF AMERICA,Consumer Staples,Equity
VTOL,BRISTOW GROUP INC,Energy,Equity
UBX,UNITY BIOTECHNOLOGY INC,Health Care,Equity
MBIO,MUSTANG BIO INC,Health Care,Equity
CWCO,CONSOLIDATED WATER LTD,Utilities,Equity
UNTY,UNITY BANCORP INC,Financials,Equity
UTI,UNIVERSAL TECHNICAL INSTITUTE INC,Consumer Discretionary,Equity
COFS,CHOICEONE FINANCIAL SERVICES INC,Financials,Equity
MPB,MID PENN BANCORP INC,Financials,Equity
BELFB,BEL FUSE INC CLASS B,Information Technology,Equity
CBNK,CAPITAL BANCORP INC,Financials,Equity
ALSK,ALASKA COMMUNICATIONS SYSTEMS GROU,Communication,Equity
HROW,HARROW HEALTH INC,Health Care,Equity
AMRK,A MARK PRECIOUS METALS INC,Financials,Equity
AGTC,APPLIED GENETIC TECHNOLOGIES CORP,Health Care,Equity
DLTH,DULUTH HOLDINGS INC CLASS B,Consumer Discretionary,Equity
RMNI,RIMINI STREET INC,Information Technology,Equity
HRMY,HARMONY BIOSCIENCES HLDG INC,Health Care,Equity
RVSB,RIVERVIEW BANCORP INC,Financials,Equity
FULC,FULCRUM THERAPEUTICS INC,Health Care,Equity
CHMI,CHERRY HILL MORTGAGE INVESTMENT RE,Financials,Equity
TREC,TRECORA RESOURCES,Materials,Equity
PFHD,PROFESSIONAL HOLDING CORP CLASS A,Financials,Equity
FCCY,1ST CONSTITUTION BANCORP,Financials,Equity
NETI,ENETI INC,Industrials,Equity
FSTR,LB FOSTER,Industrials,Equity
CHMG,CHEMUNG FINANCIAL CORP,Financials,Equity
OESX,ORION ENERGY SYSTEMS INC,Industrials,Equity
CMCL,CALEDONIA MINING PLC,Materials,Equity
SB,SAFE BULKERS INC,Industrials,Equity
FTHM,FATHOM HOLDINGS INC,Real Estate,Equity
FLNT,FLUENT INC,Communication,Equity
TERN,TERNS PHARMACEUTICALS INC,Health Care,Equity
LCI,LANNETT COMPANY INC,Health Care,Equity
CKPT,CHECKPOINT THERAPEUTICS INC,Health Care,Equity
JNCE,JOUNCE THERAPEUTICS INC,Health Care,Equity
TCFC,COMMUNITY FINANCIAL,Financials,Equity
SRGA,SURGALIGN HOLDINGS INC,Health Care,Equity
DHX,DHI GROUP INC,Communication,Equity
NGVC,NATURAL GROCERS BY VITAMIN COTTAGE,Consumer Staples,Equity
WHG,WESTWOOD HOLDINGS GROUP INC,Financials,Equity
III,INFORMATION SERVICES GROUP INC,Information Technology,Equity
CALA,CALITHERA BIOSCIENCES INC,Health Care,Equity
KZR,KEZAR LIFE SCIENCES INC,Health Care,Equity
SLDB,SOLID BIOSCIENCES INC,Health Care,Equity
MG,MISTRAS GROUP INC,Industrials,Equity
TALO,TALOS ENERGY INC,Energy,Equity
FCAP,FIRST CAPITAL INC,Financials,Equity
FARM,FARMER BROTHERS,Consumer Staples,Equity
BPRN,THE BANK OF PRINCETON,Financials,Equity
CHMA,CHIASMA INC,Health Care,Equity
IMMR,IMMERSION CORP,Information Technology,Equity
FNWB,FIRST NORTHWEST BAN,Financials,Equity
RVP,RETRACTABLE TECHNOLOGIES INC,Health Care,Equity
VWTR,VIDLER WATER RESOURCES INC,Industrials,Equity
AVEO,AVEO PHARMACEUTICALS INC,Health Care,Equity
ESSA,ESSA BANCORP INC,Financials,Equity
NATR,NATURES SUNSHINE PRODUCTS INC,Consumer Staples,Equity
RGCO,RGC RESOURCES INC,Utilities,Equity
CRBP,CORBUS PHARMACEUTICALS HOLDINGS IN,Health Care,Equity
NWFL,NORWOOD FINANCIAL CORP,Financials,Equity
BH,BIGLARI HOLDINGS INCINARY CLASS B,Consumer Discretionary,Equity
MNSB,MAINSTREET BANCSHARES INC,Financials,Equity
ESQ,ESQUIRE FINANCIAL HOLDINGS INC,Financials,Equity
IRMD,IRADIMED CORP,Health Care,Equity
FRAF,FRANKLIN FINANCIAL SERVICES CORP,Financials,Equity
FENC,FENNEC PHARMACEUTICALS INC,Health Care,Equity
BFIN,BANKFINANCIAL CORP,Financials,Equity
HOOK,HOOKIPA PHARMA INC,Health Care,Equity
HWBK,HAWTHORN BANCSHARES INC,Financials,Equity
OVLY,OAK VALLEY BANCORP,Financials,Equity
CABA,CABALETTA BIO INC,Health Care,Equity
SFE,SAFEGUARD SCIENTIFICS INC,Financials,Equity
OPBK,OP BANCORP,Financials,Equity
EML,EASTERN,Industrials,Equity
ENZ,ENZO BIOCHEM INC,Health Care,Equity
AAIC,ARLINGTON ASSET INVESTMENT CLASS A,Financials,Equity
MEC,MAYVILLE ENGINEERING COMPANY INC,Industrials,Equity
CBIO,CATALYST BIOSCIENCES INC,Health Care,Equity
SAMG,SILVERCREST ASSET MANAGEMENT GROUP,Financials,Equity
TLIS,TALIS BIOMEDICAL CORP,Health Care,Equity
INBX,INHIBRX INC,Health Care,Equity
EVI,EVI INDUSTRIES INC,Industrials,Equity
NXTC,NEXTCURE INC,Health Care,Equity
TCDA,TRICIDA INC,Health Care,Equity
PROS,PROSIGHT GLOBAL INC,Financials,Equity
UBFO,UNITED SECURITY BANCSHARES,Financials,Equity
ASMB,ASSEMBLY BIOSCIENCES INC,Health Care,Equity
CMCT,CIM COMMERICAL TRUST CORP,Real Estate,Equity
LEGH,LEGACY HOUSING CORP,Consumer Discretionary,Equity
OPTN,OPTINOSE INC,Health Care,Equity
ALCO,ALICO INC,Consumer Staples,Equity
HBB,HAMILTON BEACH BRANDS HOLDING COMP,Consumer Discretionary,Equity
IVAC,INTEVAC INC,Information Technology,Equity
ASC,ARDMORE SHIPPING CORP,Energy,Equity
ESTE,EARTHSTONE ENERGY INC CLASS A,Energy,Equity
VYGR,VOYAGER THERAPEUTICS INC,Health Care,Equity
XFOR,X4 PHARMACEUTICALS INC,Health Care,Equity
CLPR,CLIPPER REALTY INC,Real Estate,Equity
QUAD,QUAD GRAPHICS INC CLASS A,Industrials,Equity
RDVT,RED VIOLET INC,Industrials,Equity
GAIA,GAIA INC CLASS A,Communication,Equity
GHM,GRAHAM CORP,Industrials,Equity
EEX,EMERALD HOLDING INC,Communication,Equity
KODK,EASTMAN KODAK,Information Technology,Equity
WEYS,WEYCO GROUP INC,Consumer Discretionary,Equity
AYTU,AYTU BIOPHARMA INC,Health Care,Equity
CRK,COMSTOCK RESOURCES INC,Energy,Equity
CFFI,C AND F FINANCIAL CORP,Financials,Equity
ATLC,ATLANTICUS HOLDINGS CORP,Financials,Equity
SCWX,SECUREWORKS CLASS A CORP,Information Technology,Equity
BGSF,BGSF INC,Industrials,Equity
MYFW,FIRST WESTERN FINANCIAL INC,Financials,Equity
PBFS,PIONEER BANCORP INC,Financials,Equity
ADMA,ADMA BIOLOGICS INC,Health Care,Equity
ACRX,ACELRX PHARMACEUTICALS INC,Health Care,Equity
LEVL,LEVEL ONE BANCORP INC,Financials,Equity
SPKE,SPARK ENERGY INC CLASS A,Utilities,Equity
PAYS,PAYSIGN INC,Information Technology,Equity
SRT,STARTEK INC,Information Technology,Equity
CNCE,CONCERT PHARMACEUTICALS INC,Health Care,Equity
SNCR,SYNCHRONOSS TECHNOLOGIES INC,Information Technology,Equity
AVO,MISSION PRODUCE INC,Consumer Staples,Equity
CTOS,CUSTOM TRUCK ONE SOURCE INC,Industrials,Equity
WLFC,WILLIS LEASE FINANCE CORP,Industrials,Equity
MBCN,MIDDLEFIELD BANC CORP,Financials,Equity
AGRX,AGILE THERAPEUTICS INC,Health Care,Equity
PINE,ALPINE INCOME PROPERTY TRUST INC,Real Estate,Equity
PIRS,PIERIS PHARMACEUTICALS INC,Health Care,Equity
OYST,OYSTER POINT PHARMA INC,Health Care,Equity
FSFG,FIRST SAVINGS FINANCIAL GROUP INC,Financials,Equity
MIRM,MIRUM PHARMACEUTICALS INC,Health Care,Equity
ETON,ETON PHARMACEUTCIALS INC,Health Care,Equity
OSG,OVERSEAS SHIPHOLDING GROUP INC CLA,Energy,Equity
APT,ALPHA PRO TECH LTD,Industrials,Equity
SREV,SERVICESOURCE INTERNATIONAL INC,Information Technology,Equity
CALB,CALIFORNIA BANCORP,Financials,Equity
PBIP,PRUDENTIAL BANCORP INC,Financials,Equity
FNCB,FNCB BANCORP INC,Financials,Equity
PLBC,PLUMAS BANCORP,Financials,Equity
PTSI,PAM TRANSPORTATION SERVICES INC,Industrials,Equity
UIHC,UNITED INSURANCE HOLDINGS CORP,Financials,Equity
KRUS,KURA SUSHI USA INC,Consumer Discretionary,Equity
GNPX,GENPREX INC,Health Care,Equity
SBFG,SB FINANCIAL GROUP INC,Financials,Equity
PCTI,PCTEL INC,Information Technology,Equity
XCUR,EXICURE INC,Health Care,Equity
EARN,ELLINGTON RESIDENTIAL MORTGAGE REI,Financials,Equity
EPM,EVOLUTION PETROLEUM CORP,Energy,Equity
TYME,TYME TECHNOLOGIES INC,Health Care,Equity
SAL,SALISBURY BANCORP INC,Financials,Equity
PXLW,PIXELWORKS INC,Information Technology,Equity
CBAN,COLONY BANKCORP INC,Financials,Equity
IBEX,IBEX LTD,Information Technology,Equity
NBSE,NEUBASE THERAPEUTICS INC,Health Care,Equity
MPX,MARINE PRODUCTS CORP,Consumer Discretionary,Equity
CERC,CERECOR INC,Health Care,Equity
MRBK,MERIDIAN CORP,Financials,Equity
GENC,GENCOR INDUSTRIES INC,Industrials,Equity
EVFM,EVOFEM BIOSCIENCES INC,Health Care,Equity
MLSS,MILESTONE SCIENTIFIC INC,Health Care,Equity
MBII,MARRONE BIO INNOVATIONS INC,Materials,Equity
SPRB,SPRUCE BIOSCIENCES INC,Health Care,Equity
CASI,CASI PHARMACEUTICALS INC,Health Care,Equity
LFVN,LIFEVANTAGE CORP,Consumer Staples,Equity
STND,STANDARD FINANCIAL CORP,Financials,Equity
FUNC,FIRST UNITED CORP,Financials,Equity
EBMT,EAGLE BANCORP MONTANA INC,Financials,Equity
PEBK,PEOPLES BANCORP OF NORTH CAROLINA,Financials,Equity
LSF,LAIRD SUPERFOOD INC,Consumer Staples,Equity
SBBP,STRONGBRIDGE BIOPHARMA,Health Care,Equity
FCCO,FIRST COMMUNITY CORP,Financials,Equity
PFSW,PFSWEB INC,Information Technology,Equity
BCLI,BRAINSTORM CELL THERAPEUTICS INC,Health Care,Equity
CFRX,CONTRAFECT CORP,Health Care,Equity
SGTX,SIGILON THERAPEUTICS INC,Health Care,Equity
GBL,GAMCO INVESTORS INC CLASS A,Financials,Equity
ABEO,ABEONA THERAPEUTICS INC,Health Care,Equity
SOLY,SOLITON INC,Health Care,Equity
ONCR,ONCORUS INC,Health Care,Equity
ASPU,ASPEN GROUP INC,Consumer Discretionary,Equity
CDAK,CODIAK BIOSCIENCES,Health Care,Equity
ICBK,COUNTY BANCORP INC,Financials,Equity
FONR,FONAR CORP,Health Care,Equity
NEXI,NEXIMMUNE INC,Health Care,Equity
OVBC,OHIO VALLEY BANC CORP,Financials,Equity
SVRA,SAVARA INC,Health Care,Equity
APTX,APTINYX INC,Health Care,Equity
TH,TARGET HOSPITALITY CORP,Consumer Discretionary,Equity
GSIT,GSI TECHNOLOGY INC,Information Technology,Equity
SGA,SAGA COMMUNICATIONS INC CLASS A,Communication,Equity
PROV,PROVIDENT FINANCIAL HOLDINGS INC,Financials,Equity
DYAI,DYADIC INTERNATIONAL INC,Health Care,Equity
PDLB,PDL COMMUNITY BANCORP,Financials,Equity
LOGC,LOGICBIO THERAPEUTICS INC,Health Care,Equity
KLDO,KALEIDO BIOSCIENCES INC,Health Care,Equity
EXTN,EXTERRAN CORP,Energy,Equity
GLYC,GLYCOMIMETICS INC,Health Care,Equity
FGBI,FIRST GUARANTY BANCSHARES INC,Financials,Equity
CNTG,CENTOGENE NV,Health Care,Equity
GCBC,GREENE COUNTY BANCORP INC,Financials,Equity
KRMD,REPRO MED SYSTEM INC,Health Care,Equity
CBFV,CB FINANCIAL SERVICES INC,Financials,Equity
LJPC,LA JOLLA PHARMACEUTICAL,Health Care,Equity
FVE,FIVE STAR SENIOR LIVING INC,Health Care,Equity
CORR,CORENERGY INFRASTRUCTURE TRUST REI,Real Estate,Equity
SBT,STERLING BANCORP INC,Financials,Equity
WRAP,WRAP TECHNOLOGIES INC,Information Technology,Equity
NERV,MINERVA NEUROSCIENCES INC,Health Care,Equity
IMUX,IMMUNIC INC,Health Care,Equity
ASUR,ASURE SOFTWARE INC,Information Technology,Equity
GDP,GOODRICH PETE CORP,Energy,Equity
BVS,BIOVENTUS CLASS A INC,Health Care,Equity
KERN,AKERNA CORP,Industrials,Equity
XGN,EXAGEN INC,Health Care,Equity
GNE,GENIE ENERGY LTD CLASS B,Utilities,Equity
AUBN,AUBURN NATIONAL BANCORPORATION INC,Financials,Equity
SNSE,SENSEI BIOTHERAPEUTICS INC,Health Care,Equity
ORGS,ORGENESIS INC,Health Care,Equity
VNRX,VOLITIONRX LTD,Health Care,Equity
AQST,AQUESTIVE THERAPEUTICS INC,Health Care,Equity
ADES,ADVANCED EMISSIONS SOLUTIONS INC,Materials,Equity
BSGM,BIOSIG TECHNOLOGIES INC,Health Care,Equity
CIZN,CITIZENS HOLDING,Financials,Equity
XAIR,BEYOND AIR INC,Health Care,Equity
BSVN,BANK7 CORP,Financials,Equity
FHTX,FOGHORN THERAPEUTICS,Health Care,Equity
CDTX,CIDARA THERAPEUTICS INC,Health Care,Equity
LARK,LANDMARK BANCORP INC,Financials,Equity
LQDA,LIQUIDIA CORP,Health Care,Equity
CEMI,CHEMBIO DIAGNOSTICS INC,Health Care,Equity
MMAC,MMA CAPITAL HOLDINGS INC,Financials,Equity
TELA,TELA BIO INC,Health Care,Equity
LMST,LIMESTONE BANCORP INC,Financials,Equity
RMTI,ROCKWELL MEDICAL INC,Health Care,Equity
NH,NANTHEALTH INC,Health Care,Equity
REV,REVLON INC CLASS A,Consumer Staples,Equity
MRKR,MARKER THERAPEUTICS INC,Health Care,Equity
LYRA,LYRA THERAPEUTICS INC,Health Care,Equity
ARAV,ARAVIVE INC,Health Care,Equity
ELMD,ELECTROMED INC,Health Care,Equity
SLNO,SOLENO THERAPEUTICS INC,Health Care,Equity
MLP,MAUI LAND AND PINEAPPLE INC,Real Estate,Equity
REFR,RESEARCH FRONT INC,Information Technology,Equity
NC,NACCO INDUSTRIES INC CLASS A,Energy,Equity
CLXT,CALYXT INC,Health Care,Equity
NYMX,NYMOX PHARMACEUTICAL CORP,Health Care,Equity
CSBR,CHAMPIONS ONCOLOGY INC,Health Care,Equity
ANGN,ANGION BIOMEDICA CORP,Health Care,Equity
MHH,MASTECH DIGITAL INC,Industrials,Equity
BXG,BLUEGREEN CORP,Consumer Discretionary,Equity
GNLN,GREENLANE HOLDINGS INC CLASS A,Consumer Discretionary,Equity
NL,NL INDUSTRIES INC,Industrials,Equity
AXLA,AXCELLA HEALTH INC,Health Care,Equity
BSBK,BOGOTA FINANCIAL CORP,Financials,Equity
IMNM,IMMUNOME INC,Health Care,Equity
LHDX,LUCIRA HEALTH INC,Health Care,Equity
SNFCA,SECURITY NATIONAL FINANCIAL CORP C,Financials,Equity
LNSR,LENSAR INC,Health Care,Equity
FNHC,FEDNAT HOLDING COMPANY,Financials,Equity
REPH,RECRO PHARMA INC,Health Care,Equity
AGFS,AGROFRESH SOLUTIONS INC,Materials,Equity
AC,ASSOCIATED CAPITAL GROUP INC CLASS,Financials,Equity
LABP,LANDOS BIOPHARMA INC,Health Care,Equity
DBTX,DECIBEL THERAPEUTICS INC,Health Care,Equity
ODT,ODONATE THERAPEUTICS INC,Health Care,Equity
IMRA,IMARA INC,Health Care,Equity
CYCN,CYCLERION THERAPEUTICS INC,Health Care,Equity
GTT,GTT COMMUNICATIONS INC,Information Technology,Equity
ELOX,ELOXX PHARMACEUTICALS INC,Health Care,Equity
PHAS,PHASEBIO PHARMACEUTICALS INC,Health Care,Equity
SQZ,SQZ BIOTECHNOLOGIES COMPANY,Health Care,Equity
AGFY,AGRIFY CORP,Industrials,Equity
PTRS,PARTNERS BANCORP,Financials,Equity
AE,ADAMS RESOURCES AND ENERGY INC,Energy,Equity
GRTX,GALERA THERAPEUTICS INC,Health Care,Equity
BDSX,BIODESIX INC,Health Care,Equity
ULBI,ULTRALIFE CORP,Industrials,Equity
STSA,SATSUMA PHARMACEUTICALS INC,Health Care,Equity
NEXT,NEXTDECADE CORP,Energy,Equity
ENOB,ENOCHIAN BIOSCIENCES INC,Health Care,Equity
PCYG,PARK CITY GROUP INC,Information Technology,Equity
SWKH,SWK HOLDINGS CORP,Financials,Equity
CMPI,CHECKMATE PHARMACEUTICALS INC,Health Care,Equity
PRTH,PRIORITY TECHNOLOGY HOLDINGS INC,Information Technology,Equity
HMPT,HOME POINT CAPITAL INC,Financials,Equity
BHA,BIGLARI HOLDINGS INC CLASS A,Consumer Discretionary,Equity
CATB,CATABASIS PHARMACEUTICALS INC,Health Care,Equity
TARA,PROTARA THERAPEUTICS INC,Health Care,Equity
PANL,PANGAEA LOGISTICS SOLUTIONS LTD,Industrials,Equity
--,BM TECHNOLOGIES CONTRA,Information Technology,Equity
NMRD,NEMAURA MEDICAL INC,Health Care,Equity
CIX,COMPX INTERNATIONAL INC,Industrials,Equity
PROG,PROGENITY INC,Health Care,Equity
OSMT,OSMOTICA PHARMACEUTICALS PLC,Health Care,Equity
APRE,APREA THERAPEUTICS INC,Health Care,Equity
ADRO,ADURO BIOTECH CVR,Health Care,Equity
SCPH,SCPHARMACEUTICALS INC,Health Care,Equity
VALU,VALUE LINE INC,Financials,Equity
ATXI,AVENUE THERAPEUTICS INC,Health Care,Equity
VERO,VENUS CONCEPT INC,Health Care,Equity
GRAY,GRAYBUG VISION INC,Health Care,Equity
ELA,ENVELA CORP,Consumer Discretionary,Equity
ASPS,ALTISOURCE PORTFOLIO SOLUTIONS SA,Real Estate,Equity
SIEB,SIEBERT FINANCIAL CORP,Financials,Equity
CWBR,COHBAR INC,Health Care,Equity
BRID,BRIDGFORD FOODS CORP,Consumer Staples,Equity
AVCO,AVALON GLOBOCARE CORP,Health Care,Equity
GWGH,GWG HOLDINGS INC,Financials,Equity
VERY,VERICITY INC,Financials,Equity
MTCR,METACRINE,Health Care,Equity
PNRG,PRIMEENERGY RESOURCES CORP,Energy,Equity
SEAC,SEACHANGE INTERNATIONAL INC,Information Technology,Equity
TCI,TRANSCONTINENTAL REALTY INVESTORS,Real Estate,Equity
OFED,OCONEE FEDERAL FINANCIAL CORP,Financials,Equity
VTVT,VTV THERAPEUTICS INC CLASS A,Health Care,Equity
BLPH,BELLEROPHON THERAPEUTICS INC,Health Care,Equity
ARL,AMERICAN REALTY INVESTORS INC,Real Estate,Equity
WLLAW,WHITING PETROLEUM EQUITY WARRANTS,Energy,Equity
NRBO,NEUROBO PHARMACEUTICALS INC,Health Care,Equity
WLLBW,WHITING PETROLEUM EQUITY WARRANTS,Energy,Equity
PDLI,PDL BIOPHARMA INC,Health Care,Equity
GTXI,GTXI INC - CVR,Health Care,Equity
--,RESTRICTED CONTRA FERROGLOBE UNIT,Materials,Equity
P5N994,Petrocorp Inc Escrow,Materials,Equity
RTYM1,RUSSELL 2000 EMINI CME JUN 21,Cash and/or Derivatives,Futures
